#
# A fatal error has been detected by the Java Runtime Environment:
#
#  EXCEPTION_ACCESS_VIOLATION (0xc0000005) at pc=0x00007ff892e72f32, pid=17660, tid=1320
#
# JRE version: Java(TM) SE Runtime Environment (25.0.2+10) (build 25.0.2+10-LTS-69)
# Java VM: Java HotSpot(TM) 64-Bit Server VM (25.0.2+10-LTS-69, mixed mode, sharing, tiered, compressed oops, compressed class ptrs, g1 gc, windows-amd64)
# Problematic frame:
# V  [jvm.dll+0x4f2f32]
#
# No core dump will be written. Minidumps are not enabled by default on client versions of Windows
#
# If you would like to submit a bug report, please visit:
#   https://bugreport.java.com/bugreport/crash.jsp
#

---------------  S U M M A R Y ------------

Command Line: target/client.jar

Host: AMD Ryzen 5 7235HS                             , 8 cores, 23G,  Windows 11 , 64 bit Build 26100 (10.0.26100.3323)
Time: Fri May 15 14:27:41 2026 SE Asia Standard Time elapsed time: 1075.254348 seconds (0d 0h 17m 55s)

---------------  T H R E A D  ---------------

Current thread (0x0000027d0cccf280):  JavaThread "JavaFX Application Thread"        [_thread_in_vm, id=1320, stack(0x000000f0a2200000,0x000000f0a2300000) (1024K)]

Stack: [0x000000f0a2200000,0x000000f0a2300000],  sp=0x000000f0a22ff040,  free space=1020k
Native frames: (J=compiled Java code, j=interpreted, Vv=VM code, C=native code)
V  [jvm.dll+0x4f2f32]  (no source info available)
C  [glass.dll+0x274c]  (no source info available)
C  [glass.dll+0x153f6]  (no source info available)
C  [glass.dll+0x20e2b]  (no source info available)
C  [glass.dll+0x1c94b]  (no source info available)
C  [glass.dll+0x17bc]  (no source info available)
C  [USER32.dll+0xb643]  (no source info available)
C  [USER32.dll+0x91cd]  (no source info available)
C  [glass.dll+0xa85d]  (no source info available)
C  0x0000027d752dd193  (no source info available)

The last pc belongs to native method entry point (kind = native) (printed below).
Java frames: (J=compiled Java code, j=interpreted, Vv=VM code)
j  com.sun.glass.ui.win.WinApplication._runLoop(Ljava/lang/Runnable;)V+0
j  com.sun.glass.ui.win.WinApplication.lambda$runLoop$3(ILjava/lang/Runnable;)V+8
j  com.sun.glass.ui.win.WinApplication$$Lambda+0x0000000096069ff0.run()V+12
j  java.lang.Thread.runWith(Ljava/lang/Object;Ljava/lang/Runnable;)V+5 java.base@25.0.2
j  java.lang.Thread.run()V+19 java.base@25.0.2
v  ~StubRoutines::call_stub 0x0000027d752d12ed

siginfo: EXCEPTION_ACCESS_VIOLATION (0xc0000005), reading address 0x0000000000000000


Registers:
RAX=0x0000000000000000, RBX=0x0000027d0cccf280, RCX=0x0000000000000003, RDX=0x0000000000000004
RSP=0x000000f0a22ff040, RBP=0x000000f0a22ff148, RSI=0x0000027d0d5d17a8, RDI=0x0000000000000000
R8 =0x0000000000000003, R9 =0x0000027d0ccc8940, R10=0x0000027d08c80190, R11=0x000000f0a22ff030
R12=0x00007ff89347c8d8, R13=0x0000027d0cccf6c8, R14=0x0000027d0cccf6c8, R15=0x00000000000000d4
RIP=0x00007ff892e72f32, EFLAGS=0x0000000000010293

XMM[0]=0x0000000000000000 0x0000002900000000
XMM[1]=0x0000000000000000 0x0000000000000000
XMM[2]=0x0000000000000000 0x0000000000000000
XMM[3]=0x0000000000000000 0x0000000000000000
XMM[4]=0x0000000000000000 0x0000000000000000
XMM[5]=0x0000000000000000 0x0000000000000000
XMM[6]=0x0000000000000000 0x0000000000000000
XMM[7]=0x0000000000000000 0x0000000000000000
XMM[8]=0x0000000000000000 0x0000000000000000
XMM[9]=0x0000000000000000 0x0000000000000000
XMM[10]=0x0000000000000000 0x0000000000000000
XMM[11]=0x0000000000000000 0x0000000000000000
XMM[12]=0x0000000000000000 0x0000000000000000
XMM[13]=0x0000000000000000 0x0000000000000000
XMM[14]=0x0000000000000000 0x0000000000000000
XMM[15]=0x0000000000000000 0x0000000000000000
  MXCSR=0x00001fad


Register to memory mapping:

RAX=0x0 is null
RBX=0x0000027d0cccf280 is a thread
RCX=0x0000000000000003 is an unknown value
RDX=0x0000000000000004 is an unknown value
RSP=0x000000f0a22ff040 is pointing into the stack for thread: 0x0000027d0cccf280
RBP=0x000000f0a22ff148 is pointing into the stack for thread: 0x0000027d0cccf280
RSI=0x0000027d0d5d17a8 points into unknown readable memory: 0x0000027d08c80190 | 90 01 c8 08 7d 02 00 00
RDI=0x0 is null
R8 =0x0000000000000003 is an unknown value
R9 =0x0000027d0ccc8940 points into unknown readable memory: 0x0000004000000003 | 03 00 00 00 40 00 00 00
R10={method} {0x0000027d08c80198} 'getInstance' '()Lcom/sun/glass/ui/win/WinDnDClipboard;' in 'com/sun/glass/ui/win/WinDnDClipboard'
R11=0x000000f0a22ff030 is pointing into the stack for thread: 0x0000027d0cccf280
R12=0x00007ff89347c8d8 jvm.dll
R13=0x0000027d0cccf6c8 points into unknown readable memory: 0x00007ff893666ba0 | a0 6b 66 93 f8 7f 00 00
R14=0x0000027d0cccf6c8 points into unknown readable memory: 0x00007ff893666ba0 | a0 6b 66 93 f8 7f 00 00
R15=0x00000000000000d4 is an unknown value

Top of Stack: (sp=0x000000f0a22ff040)
0x000000f0a22ff040:   0000027d08c80190 0000027d0cccf280   ....}.......}...
0x000000f0a22ff050:   0000027d0d5d17a8 0000000000000000   ..].}...........
0x000000f0a22ff060:   00008f715ce67300 00007ff9426a80b0   .s.\q.....jB....
0x000000f0a22ff070:   0000027d63165980 0000027d0cb0a101   .Y.c}.......}...
0x000000f0a22ff080:   0000027d0cccf20c 00007ff892e69c00   ....}...........
0x000000f0a22ff090:   0000027d0cccf280 0000000000000000   ....}...........
0x000000f0a22ff0a0:   00000007ebbfa030 0000000000000000   0...............
0x000000f0a22ff0b0:   00007ff89347c8d8 0000027d0db10b88   ..G.........}...
0x000000f0a22ff0c0:   000000000000000c 0000000000000019   ................
0x000000f0a22ff0d0:   0000000000000000 000000f0a22ff148   ........H./.....
0x000000f0a22ff0e0:   0000027d0cccfb04 0000000000000001   ....}...........
0x000000f0a22ff0f0:   0000000000000000 00007ff8e276274c   ........L'v.....
0x000000f0a22ff100:   00007ff893666ba0 0000027d0cccf6c8   .kf.........}...
0x000000f0a22ff110:   000000f0a22ff290 0000000000000000   ../.............
0x000000f0a22ff120:   0000000000000000 00007ff8e27753f6   .........Sw.....
0x000000f0a22ff130:   0000027d0cccf6c8 0000000000000000   ....}...........
0x000000f0a22ff140:   0000027d0d5d17a8 0000000000000000   ..].}...........
0x000000f0a22ff150:   0000027d0cccf6c8 0000000000000000   ....}...........
0x000000f0a22ff160:   0000027d0d4ca1b8 00000000000000dd   ..L.}...........
0x000000f0a22ff170:   0000000000040672 0000000000000000   r...............
0x000000f0a22ff180:   00000000000000dd 00007ff8e2780e2b   ........+.x.....
0x000000f0a22ff190:   00000000000000d4 000000f0a22ff290   ........../.....
0x000000f0a22ff1a0:   0000027d0d4ca1b8 0000000000000000   ..L.}...........
0x000000f0a22ff1b0:   0000027d0d4ca190 00007ff8e277cb08   ..L.}.....w.....
0x000000f0a22ff1c0:   0000000000000000 0000000000000084   ................
0x000000f0a22ff1d0:   0000000000000000 00007ff944556e0b   .........nUD....
0x000000f0a22ff1e0:   0000000000000000 0000000000000000   ................
0x000000f0a22ff1f0:   000000f0a22ff2a8 0000000000000000   ../.............
0x000000f0a22ff200:   0000000000000000 0000000000000004   ................
0x000000f0a22ff210:   000000f000000020 0000019d0000009d    ...............
0x000000f0a22ff220:   0000000000000201 000001ba0000009d   ................
0x000000f0a22ff230:   0000000000000000 0000000000000000   ................

Instructions: (pc=0x00007ff892e72f32)
  0x00007ff892e72e32:   5c 24 10 48 89 6c 24 18 48 89 74 24 20 57 41 54
  0x00007ff892e72e42:   41 56 48 81 ec a0 00 00 00 8b 81 a0 00 00 00 48
  0x00007ff892e72e52:   8d 99 b8 fb ff ff 05 53 21 ff ff 49 8b e9 49 8b
  0x00007ff892e72e62:   f0 48 8b fa 4c 8b f1 83 f8 01 77 08 48 8b cb e8
  0x00007ff892e72e72:   aa 7e f9 ff 80 3d ed 93 85 00 00 c7 83 d4 04 00
  0x00007ff892e72e82:   00 06 00 00 00 75 06 e8 72 2b 2a 00 90 48 8b 43
  0x00007ff892e72e92:   28 a8 01 74 0d 45 33 c0 b2 01 48 8b cb e8 5c c5
  0x00007ff892e72ea2:   31 00 8b 83 d0 04 00 00 c1 e8 03 a8 01 74 08 48
  0x00007ff892e72eb2:   8b cb e8 e7 97 f9 ff c7 83 d4 04 00 00 06 00 00
  0x00007ff892e72ec2:   00 48 83 7b 08 00 48 89 5c 24 50 48 c7 44 24 58
  0x00007ff892e72ed2:   00 00 00 00 74 0a 48 8d 4c 24 50 e8 8e 43 2e 00
  0x00007ff892e72ee2:   48 8b 16 48 8d 4c 24 70 c6 44 24 40 0c e8 7c 62
  0x00007ff892e72ef2:   00 00 48 8b c7 48 89 ac 24 98 00 00 00 83 e0 03
  0x00007ff892e72f02:   4c 8d 25 cf 99 60 00 4c 89 64 24 70 48 83 f8 01
  0x00007ff892e72f12:   75 0c 48 8d 4f ff ff 15 2a 08 7f 00 eb 15 48 83
  0x00007ff892e72f22:   f8 02 75 0c 48 8d 4f fe ff 15 f0 70 7e 00 eb 03
=>0x00007ff892e72f32:   48 8b 07 8b 15 65 a3 85 00 48 8b c8 e8 ed cb 29
  0x00007ff892e72f42:   00 48 8b d3 48 8b 08 4c 8b 81 b0 00 00 00 48 8b
  0x00007ff892e72f52:   c8 41 ff d0 48 83 7b 08 00 75 35 48 8d 44 24 70
  0x00007ff892e72f62:   48 89 5c 24 30 48 89 44 24 28 48 8d 54 24 40 45
  0x00007ff892e72f72:   33 c9 48 89 74 24 20 45 33 c0 49 8b ce e8 7c 74
  0x00007ff892e72f82:   00 00 48 83 7b 08 00 75 07 48 8b 74 24 48 eb 02
  0x00007ff892e72f92:   33 f6 48 83 7c 24 58 00 4c 89 64 24 70 48 c7 84
  0x00007ff892e72fa2:   24 98 00 00 00 00 00 00 00 74 0a 48 8d 4c 24 50
  0x00007ff892e72fb2:   e8 39 43 2e 00 48 8b bb a8 01 00 00 48 8b 47 10
  0x00007ff892e72fc2:   48 83 38 00 74 08 48 8b cf e8 30 77 f4 ff 48 8b
  0x00007ff892e72fd2:   57 08 48 8b 4f 10 48 89 4a 18 48 8b 57 08 48 8b
  0x00007ff892e72fe2:   4f 18 48 89 4a 20 48 8b 4f 20 48 8b 57 08 48 89
  0x00007ff892e72ff2:   4a 28 48 8d 8b 28 04 00 00 e8 a0 7a eb ff 4c 8d
  0x00007ff892e73002:   9c 24 a0 00 00 00 90 49 8b 6b 30 48 8b c6 49 8b
  0x00007ff892e73012:   73 38 c7 83 d4 04 00 00 04 00 00 00 49 8b 5b 28
  0x00007ff892e73022:   49 8b e3 41 5e 41 5c 5f c3 cc cc cc cc cc 48 89


Stack slot to memory mapping:

stack at sp + 0 slots: {method} {0x0000027d08c80198} 'getInstance' '()Lcom/sun/glass/ui/win/WinDnDClipboard;' in 'com/sun/glass/ui/win/WinDnDClipboard'
stack at sp + 1 slots: 0x0000027d0cccf280 is a thread
stack at sp + 2 slots: 0x0000027d0d5d17a8 points into unknown readable memory: 0x0000027d08c80190 | 90 01 c8 08 7d 02 00 00
stack at sp + 3 slots: 0x0 is null
stack at sp + 4 slots: 0x00008f715ce67300 is an unknown value
stack at sp + 5 slots: 0x00007ff9426a80b0 ucrtbase.dll
stack at sp + 6 slots: 0x0000027d63165980 points into unknown readable memory: 0x000004e400000002 | 02 00 00 00 e4 04 00 00
stack at sp + 7 slots: 0x0000027d0cb0a101 points into unknown readable memory: a0 bf eb 07 00 00 00

Lock stack of current Java thread (top to bottom):

native method entry point (kind = native)  [0x0000027d752dcdc0, 0x0000027d752dd8b8]  2808 bytes
[MachCode]
  0x0000027d752dcdc0: 488b 4b08 | 0fb7 492e | 584c 8d74 | ccf8 6800 | 0000 0068 | 0000 0000 | 5055 488b | ec41 5548 
  0x0000027d752dcde0: 8b43 084c | 8d68 3848 | 8b40 0868 | 0000 0000 | 5348 8b50 | 1848 8b52 | 7048 8b12 | 5248 8b53 
  0x0000027d752dce00: 1048 85d2 | 7407 4881 | c2d0 0000 | 0052 488b | 5010 5249 | 8bc6 482b | c548 c1e8 | 0350 6800 
  0x0000027d752dce20: 0000 0068 | f7ff ffff | 41c6 87f1 | 0400 0001 | 488b 4310 | 4885 c074 | 208b 8890 | 0000 0083 
  0x0000027d752dce40: c102 8988 | 9000 0000 | 2388 a400 | 0000 0f84 | b209 0000 | e9cf 0000 | 0048 8b43 | 1848 85c0 
  0x0000027d752dce60: 0f85 b000 | 0000 e805 | 0000 00e9 | 9900 0000 | 488b d348 | 8d44 2408 | 4c89 6dc0 | 498b cfc5 
  0x0000027d752dce80: f877 4989 | af38 0400 | 0049 8987 | 2804 0000 | 4883 ec20 | 40f6 c40f | 0f84 1900 | 0000 4883 
  0x0000027d752dcea0: ec08 48b8 | 4022 df92 | f87f 0000 | ffd0 4883 | c408 e90c | 0000 0048 | b840 22df | 92f8 7f00 
  0x0000027d752dcec0: 00ff d048 | 83c4 2049 | c787 2804 | 0000 0000 | 0000 49c7 | 8738 0400 | 0000 0000 | 0049 c787 
  0x0000027d752dcee0: 3004 0000 | 0000 0000 | c5f8 7749 | 837f 0800 | 0f84 0500 | 0000 e9e5 | 42ff ff4c | 8b6d c04c 
  0x0000027d752dcf00: 8b75 c84e | 8d74 f500 | c348 8b43 | 1848 85c0 | 0f84 1200 | 0000 8b48 | 0883 c102 | 8948 0823 
  0x0000027d752dcf20: 482c 0f84 | de08 0000 | 493b a770 | 0500 000f | 8748 0000 | 0089 8424 | 00f0 ffff | 8984 2400 
  0x0000027d752dcf40: e0ff ff89 | 8424 00d0 | ffff 8984 | 2400 c0ff | ff89 8424 | 00b0 ffff | 8984 2400 | a0ff ff89 
  0x0000027d752dcf60: 8424 0090 | ffff 8984 | 2400 80ff | ff49 3ba7 | 6805 0000 | 7607 4989 | a770 0500 | 0041 c687 
  0x0000027d752dcf80: f104 0000 | 0048 8b5d | e84c 8b5b | 0845 0fb7 | 5b2e 41c1 | e303 492b | e348 83ec | 2048 83e4 
  0x0000027d752dcfa0: f04c 8b5b | 604d 85db | 0f85 ab00 | 0000 e805 | 0000 00e9 | 9900 0000 | 488b d348 | 8d44 2408 
  0x0000027d752dcfc0: 4c89 6dc0 | 498b cfc5 | f877 4989 | af38 0400 | 0049 8987 | 2804 0000 | 4883 ec20 | 40f6 c40f 
  0x0000027d752dcfe0: 0f84 1900 | 0000 4883 | ec08 48b8 | 704b df92 | f87f 0000 | ffd0 4883 | c408 e90c | 0000 0048 
  0x0000027d752dd000: b870 4bdf | 92f8 7f00 | 00ff d048 | 83c4 2049 | c787 2804 | 0000 0000 | 0000 49c7 | 8738 0400 
  0x0000027d752dd020: 0000 0000 | 0049 c787 | 3004 0000 | 0000 0000 | c5f8 7749 | 837f 0800 | 0f84 0500 | 0000 e99d 
  0x0000027d752dd040: 41ff ff4c | 8b6d c04c | 8b75 c84e | 8d74 f500 | c348 8b5d | e84c 8b5b | 6041 ffd3 | 488b 5de8 
  0x0000027d752dd060: 4889 4518 | 440f b75b | 2c41 f6c3 | 080f 841b | 0000 004c | 8b5b 084d | 8b5b 084d | 8b5b 184d 
  0x0000027d752dd080: 8b5b 704d | 8b1b 4c89 | 5d10 488d | 5510 488b | 4358 49ba | 4015 1a93 | f87f 0000 | 493b c20f 
  0x0000027d752dd0a0: 85ab 0000 | 00e8 0500 | 0000 e999 | 0000 0048 | 8bd3 488d | 4424 084c | 896d c049 | 8bcf c5f8 
  0x0000027d752dd0c0: 7749 89af | 3804 0000 | 4989 8728 | 0400 0048 | 83ec 2040 | f6c4 0f0f | 8419 0000 | 0048 83ec 
  0x0000027d752dd0e0: 0848 b870 | 4bdf 92f8 | 7f00 00ff | d048 83c4 | 08e9 0c00 | 0000 48b8 | 704b df92 | f87f 0000 
  0x0000027d752dd100: ffd0 4883 | c420 49c7 | 8728 0400 | 0000 0000 | 0049 c787 | 3804 0000 | 0000 0000 | 49c7 8730 
  0x0000027d752dd120: 0400 0000 | 0000 00c5 | f877 4983 | 7f08 000f | 8405 0000 | 00e9 a640 | ffff 4c8b | 6dc0 4c8b 
  0x0000027d752dd140: 75c8 4e8d | 74f5 00c3 | 488b 5de8 | 488b 4358 | 498d 8f48 | 0400 004c | 8d15 d500 | 0000 4d89 
  0x0000027d752dd160: 9730 0400 | 00c5 f877 | 4989 af38 | 0400 0049 | 89a7 2804 | 0000 41c7 | 87d4 0400 | 0004 0000 
  0x0000027d752dd180: 0049 3ba7 | c805 0000 | 7607 4989 | a7c8 0500 | 00ff d049 | 3ba7 c805 | 0000 720b | 49c7 87c8 
  0x0000027d752dd1a0: 0500 0000 | 0000 00c5 | f877 4883 | ec10 c5fb | 1104 2448 | 83ec 1048 | 8904 2448 | c744 2408 
  0x0000027d752dd1c0: 0000 0000 | 41c7 87d4 | 0400 0005 | 0000 00f0 | 8344 24c0 | 0049 3b6f | 280f 870e | 0000 0041 
  0x0000027d752dd1e0: 83bf d004 | 0000 000f | 8420 0000 | 0049 8bcf | 4c8b e448 | 83ec 2048 | 83e4 f048 | b8a0 afe0 
  0x0000027d752dd200: 92f8 7f00 | 00ff d049 | 8be4 4d33 | e441 c787 | d404 0000 | 0800 0000 | 4d8b 97f0 | 0500 0049 
  0x0000027d752dd220: 83fa 0074 | 3549 c787 | f005 0000 | 0000 0000 | 41ff e249 | ba60 be2d | 757d 0200 | 0041 ffd2 
  0x0000027d752dd240: 4883 ec10 | c5fb 1104 | 2448 83ec | 1048 8904 | 2448 c744 | 2408 0000 | 0000 49c7 | 8728 0400 
  0x0000027d752dd260: 0000 0000 | 0049 c787 | 3804 0000 | 0000 0000 | 49c7 8730 | 0400 0000 | 0000 00c5 | f877 4d8b 
  0x0000027d752dd280: 9fb8 0400 | 0041 c783 | 0001 0000 | 0000 0000 | 49bb 5aa7 | 2d75 7d02 | 0000 4c3b | 5d18 0f85 
  0x0000027d752dd2a0: 5501 0000 | 488b 0424 | 4883 c410 | 4885 c00f | 842f 0100 | 00a8 030f | 8508 0000 | 0048 8b00 
  0x0000027d752dd2c0: e91f 0100 | 00a8 010f | 8509 0000 | 0048 8b40 | fee9 0e01 | 0000 488b | 40ff 4180 | 7f48 000f 
  0x0000027d752dd2e0: 84ff 0000 | 0048 83f8 | 000f 84f5 | 0000 004d | 8b5f 384d | 85db 0f84 | 1400 0000 | 4983 eb08 
  0x0000027d752dd300: 4d89 5f38 | 4d03 5f40 | 4989 03e9 | d400 0000 | 4883 ec70 | 4889 0424 | 4889 4c24 | 0848 8954 
  0x0000027d752dd320: 2410 4c89 | 4424 184c | 894c 2420 | 4c89 5424 | 284c 895c | 2430 c5fb | 1144 2440 | c5fb 114c 
  0x0000027d752dd340: 2448 c5fb | 1154 2450 | c5fb 115c | 2458 c5fb | 1164 2460 | c5fb 116c | 2468 498b | d748 8bc8 
  0x0000027d752dd360: 4883 ec20 | 40f6 c40f | 0f84 1900 | 0000 4883 | ec08 48b8 | 2077 d392 | f87f 0000 | ffd0 4883 
  0x0000027d752dd380: c408 e90c | 0000 0048 | b820 77d3 | 92f8 7f00 | 00ff d048 | 83c4 20c5 | fb10 6c24 | 68c5 fb10 
  0x0000027d752dd3a0: 6424 60c5 | fb10 5c24 | 58c5 fb10 | 5424 50c5 | fb10 4c24 | 48c5 fb10 | 4424 404c | 8b5c 2430 
  0x0000027d752dd3c0: 4c8b 5424 | 284c 8b4c | 2420 4c8b | 4424 1848 | 8b54 2410 | 488b 4c24 | 0848 8b04 | 2448 83c4 
  0x0000027d752dd3e0: 70c5 f877 | 4889 4510 | 4883 ec10 | 4889 0424 | 48c7 4424 | 0800 0000 | 0041 83bf | 5005 0000 
  0x0000027d752dd400: 020f 85bf | 0000 0048 | 81ec 8000 | 0000 4889 | 4424 7848 | 894c 2470 | 4889 5424 | 6848 895c 
  0x0000027d752dd420: 2460 4889 | 6c24 5048 | 8974 2448 | 4889 7c24 | 404c 8944 | 2438 4c89 | 4c24 304c | 8954 2428 
  0x0000027d752dd440: 4c89 5c24 | 204c 8964 | 2418 4c89 | 6c24 104c | 8974 2408 | 4c89 3c24 | 4c8b e448 | 83ec 2048 
  0x0000027d752dd460: 83e4 f048 | b8b0 fc19 | 93f8 7f00 | 00ff d049 | 8be4 4c8b | 3c24 4c8b | 7424 084c | 8b6c 2410 
  0x0000027d752dd480: 4c8b 6424 | 184c 8b5c | 2420 4c8b | 5424 284c | 8b4c 2430 | 4c8b 4424 | 3848 8b7c | 2440 488b 
  0x0000027d752dd4a0: 7424 4848 | 8b6c 2450 | 488b 5c24 | 6048 8b54 | 2468 488b | 4c24 7048 | 8b44 2478 | 4881 c480 
  0x0000027d752dd4c0: 0000 004d | 33e4 488b | 5de8 4c8b | 6b08 4d8d | 6d38 4983 | 7f08 000f | 84bb 0000 | 00e8 0500 
  0x0000027d752dd4e0: 0000 e996 | 0000 0048 | 8d44 2408 | 4c89 6dc0 | 498b cfc5 | f877 4989 | af38 0400 | 0049 8987 
  0x0000027d752dd500: 2804 0000 | 4883 ec20 | 40f6 c40f | 0f84 1900 | 0000 4883 | ec08 48b8 | b069 df92 | f87f 0000 
  0x0000027d752dd520: ffd0 4883 | c408 e90c | 0000 0048 | b8b0 69df | 92f8 7f00 | 00ff d048 | 83c4 2049 | c787 2804 
  0x0000027d752dd540: 0000 0000 | 0000 49c7 | 8738 0400 | 0000 0000 | 0049 c787 | 3004 0000 | 0000 0000 | c5f8 7749 
  0x0000027d752dd560: 837f 0800 | 0f84 0500 | 0000 e971 | 3cff ff4c | 8b6d c04c | 8b75 c84e | 8d74 f500 | c348 b968 
  0x0000027d752dd580: 0843 93f8 | 7f00 0048 | 83e4 f048 | b800 9106 | 93f8 7f00 | 00ff d0f4 | 440f b75b | 2c41 f6c3 
  0x0000027d752dd5a0: 200f 8472 | 0100 0048 | 8d55 a84c | 8b5a 084d | 85db 0f85 | bb00 0000 | e805 0000 | 00e9 9600 
  0x0000027d752dd5c0: 0000 488d | 4424 084c | 896d c049 | 8bcf c5f8 | 7749 89af | 3804 0000 | 4989 8728 | 0400 0048 
  0x0000027d752dd5e0: 83ec 2040 | f6c4 0f0f | 8419 0000 | 0048 83ec | 0848 b8e0 | 68df 92f8 | 7f00 00ff | d048 83c4 
  0x0000027d752dd600: 08e9 0c00 | 0000 48b8 | e068 df92 | f87f 0000 | ffd0 4883 | c420 49c7 | 8728 0400 | 0000 0000 
  0x0000027d752dd620: 0049 c787 | 3804 0000 | 0000 0000 | 49c7 8730 | 0400 0000 | 0000 00c5 | f877 4983 | 7f08 000f 
  0x0000027d752dd640: 8405 0000 | 00e9 963b | ffff 4c8b | 6dc0 4c8b | 75c8 4e8d | 74f5 00c3 | 48b9 6808 | 4393 f87f 
  0x0000027d752dd660: 0000 4883 | e4f0 48b8 | 0091 0693 | f87f 0000 | ffd0 f44c | 896d c04c | 8b4a 0848 | c742 0800 
  0x0000027d752dd680: 0000 0045 | 8b87 d806 | 0000 4f3b | 4c07 f80f | 8542 0000 | 0041 83af | d806 0000 | 084f 3b4c 
  0x0000027d752dd6a0: 07f0 0f84 | 2a00 0000 | 498b 01a8 | 020f 8512 | 0000 004c | 8bc0 4983 | c801 f04d | 0fb1 010f 
  0x0000027d752dd6c0: 840d 0000 | 0041 8387 | d806 0000 | 08e9 0500 | 0000 e93e | 0000 004c | 894a 0848 | 8bca 4883 
  0x0000027d752dd6e0: ec20 40f6 | c40f 0f84 | 1900 0000 | 4883 ec08 | 48b8 303b | df92 f87f | 0000 ffd0 | 4883 c408 
  0x0000027d752dd700: e90c 0000 | 0048 b830 | 3bdf 92f8 | 7f00 00ff | d048 83c4 | 204c 8b6d | c041 c687 | 9603 0000 
  0x0000027d752dd720: 0149 3b6f | 280f 8705 | 0000 00e9 | ab00 0000 | 4883 ec10 | c5fb 1104 | 2448 83ec | 1048 8904 
  0x0000027d752dd740: 2448 c744 | 2408 0000 | 0000 c5f8 | 7749 89af | 3804 0000 | 49ba 4ad7 | 2d75 7d02 | 0000 4d89 
  0x0000027d752dd760: 9730 0400 | 0049 89a7 | 2804 0000 | 498b cf48 | 83ec 2040 | f6c4 0f0f | 8419 0000 | 0048 83ec 
  0x0000027d752dd780: 0848 b8d0 | 21df 92f8 | 7f00 00ff | d048 83c4 | 08e9 0c00 | 0000 48b8 | d021 df92 | f87f 0000 
  0x0000027d752dd7a0: ffd0 4883 | c420 49c7 | 8728 0400 | 0000 0000 | 0049 c787 | 3804 0000 | 0000 0000 | 49c7 8730 
  0x0000027d752dd7c0: 0400 0000 | 0000 00c5 | f877 488b | 0424 4883 | c410 c5fb | 1004 2448 | 83c4 1048 | 8b04 2448 
  0x0000027d752dd7e0: 83c4 10c5 | fb10 0424 | 4883 c410 | 4c8b 5d18 | 41ff d34c | 8b5d f8c9 | 41c6 8796 | 0300 0000 
  0x0000027d752dd800: 5f49 8be3 | ffe7 ba00 | 0000 00e8 | 0500 0000 | e996 0000 | 0048 8d44 | 2408 4c89 | 6dc0 498b 
  0x0000027d752dd820: cfc5 f877 | 4989 af38 | 0400 0049 | 8987 2804 | 0000 4883 | ec20 40f6 | c40f 0f84 | 1900 0000 
  0x0000027d752dd840: 4883 ec08 | 48b8 2031 | df92 f87f | 0000 ffd0 | 4883 c408 | e90c 0000 | 0048 b820 | 31df 92f8 
  0x0000027d752dd860: 7f00 00ff | d048 83c4 | 2049 c787 | 2804 0000 | 0000 0000 | 49c7 8738 | 0400 0000 | 0000 0049 
  0x0000027d752dd880: c787 3004 | 0000 0000 | 0000 c5f8 | 7749 837f | 0800 0f84 | 0500 0000 | e943 39ff | ff4c 8b6d 
  0x0000027d752dd8a0: c04c 8b75 | c84e 8d74 | f500 c348 | 8b5d e8e9 | 74f6 ffff | 0f1f 4000 
[/MachCode]

---------------  P R O C E S S  ---------------

Threads class SMR info:
_java_thread_list=0x0000027d1c7928e0, length=19, elements={
0x0000027d6317bcd0, 0x0000027d7ed47610, 0x0000027d7ed47dd0, 0x0000027d7ed4a930,
0x0000027d7ed4d620, 0x0000027d7ed55df0, 0x0000027d7ed56bc0, 0x0000027d7ed67d30,
0x0000027d7ed713c0, 0x0000027d0c071250, 0x0000027d0c0760f0, 0x0000027d0c194250,
0x0000027d0ceddc00, 0x0000027d0ccc9b50, 0x0000027d0cccf280, 0x0000027d0ccfea60,
0x0000027d0d4f18c0, 0x0000027d0dae8cd0, 0x0000027d1c595c30
}

Java Threads: ( => current thread )
  0x0000027d6317bcd0 JavaThread "main"                              [_thread_blocked, id=10492, stack(0x000000f0a0b00000,0x000000f0a0c00000) (1024K)]
  0x0000027d7ed47610 JavaThread "Reference Handler"          daemon [_thread_blocked, id=9420, stack(0x000000f0a1300000,0x000000f0a1400000) (1024K)]
  0x0000027d7ed47dd0 JavaThread "Finalizer"                  daemon [_thread_blocked, id=10736, stack(0x000000f0a1400000,0x000000f0a1500000) (1024K)]
  0x0000027d7ed4a930 JavaThread "Signal Dispatcher"          daemon [_thread_blocked, id=4760, stack(0x000000f0a1500000,0x000000f0a1600000) (1024K)]
  0x0000027d7ed4d620 JavaThread "Attach Listener"            daemon [_thread_blocked, id=13168, stack(0x000000f0a1600000,0x000000f0a1700000) (1024K)]
  0x0000027d7ed55df0 JavaThread "Service Thread"             daemon [_thread_blocked, id=10096, stack(0x000000f0a1700000,0x000000f0a1800000) (1024K)]
  0x0000027d7ed56bc0 JavaThread "Monitor Deflation Thread"   daemon [_thread_blocked, id=10308, stack(0x000000f0a1800000,0x000000f0a1900000) (1024K)]
  0x0000027d7ed67d30 JavaThread "C2 CompilerThread0"         daemon [_thread_blocked, id=14300, stack(0x000000f0a1900000,0x000000f0a1a00000) (1024K)]
  0x0000027d7ed713c0 JavaThread "C1 CompilerThread0"         daemon [_thread_blocked, id=15496, stack(0x000000f0a1a00000,0x000000f0a1b00000) (1024K)]
  0x0000027d0c071250 JavaThread "Notification Thread"        daemon [_thread_blocked, id=7504, stack(0x000000f0a1b00000,0x000000f0a1c00000) (1024K)]
  0x0000027d0c0760f0 JavaThread "Common-Cleaner"             daemon [_thread_blocked, id=7704, stack(0x000000f0a1c00000,0x000000f0a1d00000) (1024K)]
  0x0000027d0c194250 JavaThread "JavaFX-Launcher"                   [_thread_blocked, id=8836, stack(0x000000f0a1e00000,0x000000f0a1f00000) (1024K)]
  0x0000027d0ceddc00 JavaThread "QuantumRenderer-0"          daemon [_thread_blocked, id=8684, stack(0x000000f0a1f00000,0x000000f0a2000000) (1024K)]
  0x0000027d0ccc9b50 JavaThread "InvokeLaterDispatcher"      daemon [_thread_blocked, id=17008, stack(0x000000f0a2100000,0x000000f0a2200000) (1024K)]
=>0x0000027d0cccf280 JavaThread "JavaFX Application Thread"         [_thread_in_vm, id=1320, stack(0x000000f0a2200000,0x000000f0a2300000) (1024K)]
  0x0000027d0ccfea60 JavaThread "Thread-2"                   daemon [_thread_in_native, id=13668, stack(0x000000f0a1d00000,0x000000f0a1e00000) (1024K)]
  0x0000027d0d4f18c0 JavaThread "Prism Font Disposer"        daemon [_thread_blocked, id=18492, stack(0x000000f0a2800000,0x000000f0a2900000) (1024K)]
  0x0000027d0dae8cd0 JavaThread "Cleaner-0"                  daemon [_thread_blocked, id=17800, stack(0x000000f0a2400000,0x000000f0a2500000) (1024K)]
  0x0000027d1c595c30 JavaThread "Thread-709"                 daemon [_thread_in_native, id=18368, stack(0x000000f0a0a00000,0x000000f0a0b00000) (1024K)]
Total: 19

Other Threads:
  0x0000027d7ed34b30 VMThread "VM Thread"                           [id=13672, stack(0x000000f0a1200000,0x000000f0a1300000) (1024K)]
  0x0000027d7ed224f0 WatcherThread "VM Periodic Task Thread"        [id=12124, stack(0x000000f0a1100000,0x000000f0a1200000) (1024K)]
  0x0000027d65592760 WorkerThread "GC Thread#0"                     [id=7112, stack(0x000000f0a0c00000,0x000000f0a0d00000) (1024K)]
  0x0000027d0d627050 WorkerThread "GC Thread#1"                     [id=18552, stack(0x000000f0a2900000,0x000000f0a2a00000) (1024K)]
  0x0000027d0d627480 WorkerThread "GC Thread#2"                     [id=12484, stack(0x000000f0a2a00000,0x000000f0a2b00000) (1024K)]
  0x0000027d0d6278b0 WorkerThread "GC Thread#3"                     [id=7992, stack(0x000000f0a2b00000,0x000000f0a2c00000) (1024K)]
  0x0000027d0d627ce0 WorkerThread "GC Thread#4"                     [id=13332, stack(0x000000f0a2c00000,0x000000f0a2d00000) (1024K)]
  0x0000027d0d6f0e40 WorkerThread "GC Thread#5"                     [id=10400, stack(0x000000f0a2d00000,0x000000f0a2e00000) (1024K)]
  0x0000027d0d6f1680 WorkerThread "GC Thread#6"                     [id=18540, stack(0x000000f0a2e00000,0x000000f0a2f00000) (1024K)]
  0x0000027d0d0a26c0 WorkerThread "GC Thread#7"                     [id=14048, stack(0x000000f0a2f00000,0x000000f0a3000000) (1024K)]
  0x0000027d655a5490 ConcurrentGCThread "G1 Main Marker"            [id=18440, stack(0x000000f0a0d00000,0x000000f0a0e00000) (1024K)]
  0x0000027d655a6f20 WorkerThread "G1 Conc#0"                       [id=1500, stack(0x000000f0a0e00000,0x000000f0a0f00000) (1024K)]
  0x0000027d1cb2bae0 WorkerThread "G1 Conc#1"                       [id=9856, stack(0x000000f0a0800000,0x000000f0a0900000) (1024K)]
  0x0000027d655ce760 ConcurrentGCThread "G1 Refine#0"               [id=18344, stack(0x000000f0a0f00000,0x000000f0a1000000) (1024K)]
  0x0000027d7ebf3610 ConcurrentGCThread "G1 Service"                [id=18472, stack(0x000000f0a1000000,0x000000f0a1100000) (1024K)]
Total: 15

Threads with active compile tasks:
Total: 0

VM state: not at safepoint (normal execution)

VM Mutex/Monitor currently owned by a thread: None

OutOfMemory and StackOverflow Exception counts:
OutOfMemoryError java_heap_errors=102
LinkageErrors=58

Heap address: 0x0000000684c00000, size: 6068 MB, Compressed Oops mode: Zero based, Oop shift amount: 3

CDS archive(s) mapped at: [0x0000000095000000-0x0000000095dd0000-0x0000000095dd0000), size 14483456, SharedBaseAddress: 0x0000000095000000, ArchiveRelocationMode: 1.
Compressed class space mapped at: 0x0000000096000000-0x00000000d6000000, reserved size: 1073741824
UseCompressedClassPointers 1, UseCompactObjectHeaders 0
Narrow klass pointer bits 32, Max shift 3
Narrow klass base: 0x0000000095000000, Narrow klass shift: 0
Encoding Range: [0x0000000095000000 - 0x0000000195000000), (4294967296 bytes)
Klass Range:    [0x0000000095010000 - 0x00000000d6000000), (1090453504 bytes)
Klass ID Range:  [65536 - 1090519033) (1090453497)
Protection zone: [0x0000000095000000 - 0x0000000095010000), (65536 bytes)

GC Precious Log:
 CardTable entry size: 512
 Card Set container configuration: InlinePtr #cards 4 size 8 Array Of Cards #cards 32 size 80 Howl #buckets 8 coarsen threshold 7372 Howl Bitmap #cards 1024 size 144 coarsen threshold 921 Card regions per heap region 1 cards per card region 8192
 CPUs: 8 total, 8 available
 Memory: 24260M
 Large Page Support: Disabled
 NUMA Support: Disabled
 Compressed Oops: Enabled (Zero based)
 Heap Region Size: 4M
 Heap Min Capacity: 8M
 Heap Initial Capacity: 380M
 Heap Max Capacity: 6068M
 Pre-touch: Disabled
 Parallel Workers: 8
 Concurrent Workers: 2
 Concurrent Refinement Workers: 8
 Periodic GC: Disabled

Heap:
 garbage-first heap   total reserved 6213632K, committed 6213632K, used 6209512K [0x0000000684c00000, 0x0000000800000000)
  region size 4096K, 0 young (0K), 0 survivors (0K)

Heap Regions: E=young(eden), S=young(survivor), O=old, HS=humongous(starts), HC=humongous(continues), CS=collection set, F=free, TAMS=top-at-mark-start, PB=parsable bottom
|   0|0x0000000684c00000, 0x0000000684fffff8, 0x0000000685000000| 99%| O|  |TAMS 0x0000000684c00000| PB 0x0000000684c00000| Untracked |  0
|   1|0x0000000685000000, 0x00000006853fffd8, 0x0000000685400000| 99%| O|  |TAMS 0x0000000685000000| PB 0x0000000685000000| Untracked |  0
|   2|0x0000000685400000, 0x00000006857fffd8, 0x0000000685800000| 99%| O|  |TAMS 0x0000000685400000| PB 0x0000000685400000| Untracked |  0
|   3|0x0000000685800000, 0x0000000685bfe070, 0x0000000685c00000| 99%| O|  |TAMS 0x0000000685800000| PB 0x0000000685800000| Untracked |  0
|   4|0x0000000685c00000, 0x0000000686000000, 0x0000000686000000|100%|HS|  |TAMS 0x0000000685c00000| PB 0x0000000685c00000| Untracked |  0
|   5|0x0000000686000000, 0x0000000686400000, 0x0000000686400000|100%|HC|  |TAMS 0x0000000686000000| PB 0x0000000686000000| Untracked |  0
|   6|0x0000000686400000, 0x0000000686800000, 0x0000000686800000|100%|HS|  |TAMS 0x0000000686400000| PB 0x0000000686400000| Untracked |  0
|   7|0x0000000686800000, 0x0000000686c00000, 0x0000000686c00000|100%|HC|  |TAMS 0x0000000686800000| PB 0x0000000686800000| Untracked |  0
|   8|0x0000000686c00000, 0x0000000687000000, 0x0000000687000000|100%|HS|  |TAMS 0x0000000686c00000| PB 0x0000000686c00000| Untracked |  0
|   9|0x0000000687000000, 0x0000000687400000, 0x0000000687400000|100%|HC|  |TAMS 0x0000000687000000| PB 0x0000000687000000| Untracked |  0
|  10|0x0000000687400000, 0x0000000687800000, 0x0000000687800000|100%|HS|  |TAMS 0x0000000687400000| PB 0x0000000687400000| Untracked |  0
|  11|0x0000000687800000, 0x0000000687c00000, 0x0000000687c00000|100%|HC|  |TAMS 0x0000000687800000| PB 0x0000000687800000| Untracked |  0
|  12|0x0000000687c00000, 0x0000000688000000, 0x0000000688000000|100%|HS|  |TAMS 0x0000000687c00000| PB 0x0000000687c00000| Untracked |  0
|  13|0x0000000688000000, 0x0000000688400000, 0x0000000688400000|100%|HC|  |TAMS 0x0000000688000000| PB 0x0000000688000000| Untracked |  0
|  14|0x0000000688400000, 0x0000000688800000, 0x0000000688800000|100%|HS|  |TAMS 0x0000000688400000| PB 0x0000000688400000| Untracked |  0
|  15|0x0000000688800000, 0x0000000688c00000, 0x0000000688c00000|100%|HC|  |TAMS 0x0000000688800000| PB 0x0000000688800000| Untracked |  0
|  16|0x0000000688c00000, 0x0000000689000000, 0x0000000689000000|100%|HS|  |TAMS 0x0000000688c00000| PB 0x0000000688c00000| Untracked |  0
|  17|0x0000000689000000, 0x0000000689400000, 0x0000000689400000|100%|HC|  |TAMS 0x0000000689000000| PB 0x0000000689000000| Untracked |  0
|  18|0x0000000689400000, 0x0000000689800000, 0x0000000689800000|100%|HS|  |TAMS 0x0000000689400000| PB 0x0000000689400000| Untracked |  0
|  19|0x0000000689800000, 0x0000000689c00000, 0x0000000689c00000|100%|HC|  |TAMS 0x0000000689800000| PB 0x0000000689800000| Untracked |  0
|  20|0x0000000689c00000, 0x000000068a000000, 0x000000068a000000|100%|HS|  |TAMS 0x0000000689c00000| PB 0x0000000689c00000| Untracked |  0
|  21|0x000000068a000000, 0x000000068a400000, 0x000000068a400000|100%|HC|  |TAMS 0x000000068a000000| PB 0x000000068a000000| Untracked |  0
|  22|0x000000068a400000, 0x000000068a7ffed0, 0x000000068a800000| 99%| O|  |TAMS 0x000000068a400000| PB 0x000000068a400000| Untracked |  0
|  23|0x000000068a800000, 0x000000068ac00000, 0x000000068ac00000|100%|HS|  |TAMS 0x000000068a800000| PB 0x000000068a800000| Untracked |  0
|  24|0x000000068ac00000, 0x000000068b000000, 0x000000068b000000|100%|HC|  |TAMS 0x000000068ac00000| PB 0x000000068ac00000| Untracked |  0
|  25|0x000000068b000000, 0x000000068b400000, 0x000000068b400000|100%|HS|  |TAMS 0x000000068b000000| PB 0x000000068b000000| Untracked |  0
|  26|0x000000068b400000, 0x000000068b800000, 0x000000068b800000|100%|HC|  |TAMS 0x000000068b400000| PB 0x000000068b400000| Untracked |  0
|  27|0x000000068b800000, 0x000000068bc00000, 0x000000068bc00000|100%|HS|  |TAMS 0x000000068b800000| PB 0x000000068b800000| Untracked |  0
|  28|0x000000068bc00000, 0x000000068c000000, 0x000000068c000000|100%|HC|  |TAMS 0x000000068bc00000| PB 0x000000068bc00000| Untracked |  0
|  29|0x000000068c000000, 0x000000068c400000, 0x000000068c400000|100%|HS|  |TAMS 0x000000068c000000| PB 0x000000068c000000| Untracked |  0
|  30|0x000000068c400000, 0x000000068c800000, 0x000000068c800000|100%|HC|  |TAMS 0x000000068c400000| PB 0x000000068c400000| Untracked |  0
|  31|0x000000068c800000, 0x000000068cc00000, 0x000000068cc00000|100%|HS|  |TAMS 0x000000068c800000| PB 0x000000068c800000| Untracked |  0
|  32|0x000000068cc00000, 0x000000068d000000, 0x000000068d000000|100%|HC|  |TAMS 0x000000068cc00000| PB 0x000000068cc00000| Untracked |  0
|  33|0x000000068d000000, 0x000000068d400000, 0x000000068d400000|100%|HS|  |TAMS 0x000000068d000000| PB 0x000000068d000000| Untracked |  0
|  34|0x000000068d400000, 0x000000068d800000, 0x000000068d800000|100%|HC|  |TAMS 0x000000068d400000| PB 0x000000068d400000| Untracked |  0
|  35|0x000000068d800000, 0x000000068dc00000, 0x000000068dc00000|100%|HS|  |TAMS 0x000000068d800000| PB 0x000000068d800000| Untracked |  0
|  36|0x000000068dc00000, 0x000000068e000000, 0x000000068e000000|100%|HC|  |TAMS 0x000000068dc00000| PB 0x000000068dc00000| Untracked |  0
|  37|0x000000068e000000, 0x000000068e400000, 0x000000068e400000|100%|HS|  |TAMS 0x000000068e000000| PB 0x000000068e000000| Untracked |  0
|  38|0x000000068e400000, 0x000000068e800000, 0x000000068e800000|100%|HC|  |TAMS 0x000000068e400000| PB 0x000000068e400000| Untracked |  0
|  39|0x000000068e800000, 0x000000068ec00000, 0x000000068ec00000|100%|HS|  |TAMS 0x000000068e800000| PB 0x000000068e800000| Untracked |  0
|  40|0x000000068ec00000, 0x000000068f000000, 0x000000068f000000|100%|HC|  |TAMS 0x000000068ec00000| PB 0x000000068ec00000| Untracked |  0
|  41|0x000000068f000000, 0x000000068f400000, 0x000000068f400000|100%|HS|  |TAMS 0x000000068f000000| PB 0x000000068f000000| Untracked |  0
|  42|0x000000068f400000, 0x000000068f800000, 0x000000068f800000|100%|HC|  |TAMS 0x000000068f400000| PB 0x000000068f400000| Untracked |  0
|  43|0x000000068f800000, 0x000000068fc00000, 0x000000068fc00000|100%|HS|  |TAMS 0x000000068f800000| PB 0x000000068f800000| Untracked |  0
|  44|0x000000068fc00000, 0x0000000690000000, 0x0000000690000000|100%|HC|  |TAMS 0x000000068fc00000| PB 0x000000068fc00000| Untracked |  0
|  45|0x0000000690000000, 0x0000000690400000, 0x0000000690400000|100%|HS|  |TAMS 0x0000000690000000| PB 0x0000000690000000| Untracked |  0
|  46|0x0000000690400000, 0x0000000690800000, 0x0000000690800000|100%|HC|  |TAMS 0x0000000690400000| PB 0x0000000690400000| Untracked |  0
|  47|0x0000000690800000, 0x0000000690c00000, 0x0000000690c00000|100%|HS|  |TAMS 0x0000000690800000| PB 0x0000000690800000| Untracked |  0
|  48|0x0000000690c00000, 0x0000000691000000, 0x0000000691000000|100%|HC|  |TAMS 0x0000000690c00000| PB 0x0000000690c00000| Untracked |  0
|  49|0x0000000691000000, 0x0000000691400000, 0x0000000691400000|100%|HS|  |TAMS 0x0000000691000000| PB 0x0000000691000000| Untracked |  0
|  50|0x0000000691400000, 0x0000000691800000, 0x0000000691800000|100%|HC|  |TAMS 0x0000000691400000| PB 0x0000000691400000| Untracked |  0
|  51|0x0000000691800000, 0x0000000691c00000, 0x0000000691c00000|100%|HS|  |TAMS 0x0000000691800000| PB 0x0000000691800000| Untracked |  0
|  52|0x0000000691c00000, 0x0000000692000000, 0x0000000692000000|100%|HC|  |TAMS 0x0000000691c00000| PB 0x0000000691c00000| Untracked |  0
|  53|0x0000000692000000, 0x0000000692400000, 0x0000000692400000|100%|HS|  |TAMS 0x0000000692000000| PB 0x0000000692000000| Untracked |  0
|  54|0x0000000692400000, 0x0000000692800000, 0x0000000692800000|100%|HC|  |TAMS 0x0000000692400000| PB 0x0000000692400000| Untracked |  0
|  55|0x0000000692800000, 0x0000000692c00000, 0x0000000692c00000|100%|HS|  |TAMS 0x0000000692800000| PB 0x0000000692800000| Untracked |  0
|  56|0x0000000692c00000, 0x0000000693000000, 0x0000000693000000|100%|HC|  |TAMS 0x0000000692c00000| PB 0x0000000692c00000| Untracked |  0
|  57|0x0000000693000000, 0x0000000693400000, 0x0000000693400000|100%|HS|  |TAMS 0x0000000693000000| PB 0x0000000693000000| Untracked |  0
|  58|0x0000000693400000, 0x0000000693800000, 0x0000000693800000|100%|HC|  |TAMS 0x0000000693400000| PB 0x0000000693400000| Untracked |  0
|  59|0x0000000693800000, 0x0000000693c00000, 0x0000000693c00000|100%|HS|  |TAMS 0x0000000693800000| PB 0x0000000693800000| Untracked |  0
|  60|0x0000000693c00000, 0x0000000694000000, 0x0000000694000000|100%|HC|  |TAMS 0x0000000693c00000| PB 0x0000000693c00000| Untracked |  0
|  61|0x0000000694000000, 0x00000006943ffff0, 0x0000000694400000| 99%| O|  |TAMS 0x0000000694000000| PB 0x0000000694000000| Untracked |  0
|  62|0x0000000694400000, 0x0000000694800000, 0x0000000694800000|100%|HS|  |TAMS 0x0000000694400000| PB 0x0000000694400000| Untracked |  0
|  63|0x0000000694800000, 0x0000000694c00000, 0x0000000694c00000|100%|HC|  |TAMS 0x0000000694800000| PB 0x0000000694800000| Untracked |  0
|  64|0x0000000694c00000, 0x0000000695000000, 0x0000000695000000|100%|HS|  |TAMS 0x0000000694c00000| PB 0x0000000694c00000| Untracked |  0
|  65|0x0000000695000000, 0x0000000695400000, 0x0000000695400000|100%|HC|  |TAMS 0x0000000695000000| PB 0x0000000695000000| Untracked |  0
|  66|0x0000000695400000, 0x0000000695800000, 0x0000000695800000|100%|HS|  |TAMS 0x0000000695400000| PB 0x0000000695400000| Untracked |  0
|  67|0x0000000695800000, 0x0000000695c00000, 0x0000000695c00000|100%|HC|  |TAMS 0x0000000695800000| PB 0x0000000695800000| Untracked |  0
|  68|0x0000000695c00000, 0x0000000696000000, 0x0000000696000000|100%|HS|  |TAMS 0x0000000695c00000| PB 0x0000000695c00000| Untracked |  0
|  69|0x0000000696000000, 0x0000000696400000, 0x0000000696400000|100%|HC|  |TAMS 0x0000000696000000| PB 0x0000000696000000| Untracked |  0
|  70|0x0000000696400000, 0x0000000696800000, 0x0000000696800000|100%|HS|  |TAMS 0x0000000696400000| PB 0x0000000696400000| Untracked |  0
|  71|0x0000000696800000, 0x0000000696c00000, 0x0000000696c00000|100%|HC|  |TAMS 0x0000000696800000| PB 0x0000000696800000| Untracked |  0
|  72|0x0000000696c00000, 0x0000000697000000, 0x0000000697000000|100%|HS|  |TAMS 0x0000000696c00000| PB 0x0000000696c00000| Untracked |  0
|  73|0x0000000697000000, 0x0000000697400000, 0x0000000697400000|100%|HC|  |TAMS 0x0000000697000000| PB 0x0000000697000000| Untracked |  0
|  74|0x0000000697400000, 0x0000000697800000, 0x0000000697800000|100%|HS|  |TAMS 0x0000000697400000| PB 0x0000000697400000| Untracked |  0
|  75|0x0000000697800000, 0x0000000697c00000, 0x0000000697c00000|100%|HC|  |TAMS 0x0000000697800000| PB 0x0000000697800000| Untracked |  0
|  76|0x0000000697c00000, 0x0000000698000000, 0x0000000698000000|100%|HS|  |TAMS 0x0000000697c00000| PB 0x0000000697c00000| Untracked |  0
|  77|0x0000000698000000, 0x0000000698400000, 0x0000000698400000|100%|HC|  |TAMS 0x0000000698000000| PB 0x0000000698000000| Untracked |  0
|  78|0x0000000698400000, 0x0000000698800000, 0x0000000698800000|100%|HS|  |TAMS 0x0000000698400000| PB 0x0000000698400000| Untracked |  0
|  79|0x0000000698800000, 0x0000000698c00000, 0x0000000698c00000|100%|HC|  |TAMS 0x0000000698800000| PB 0x0000000698800000| Untracked |  0
|  80|0x0000000698c00000, 0x0000000699000000, 0x0000000699000000|100%|HS|  |TAMS 0x0000000698c00000| PB 0x0000000698c00000| Untracked |  0
|  81|0x0000000699000000, 0x0000000699400000, 0x0000000699400000|100%|HC|  |TAMS 0x0000000699000000| PB 0x0000000699000000| Untracked |  0
|  82|0x0000000699400000, 0x0000000699800000, 0x0000000699800000|100%|HS|  |TAMS 0x0000000699400000| PB 0x0000000699400000| Untracked |  0
|  83|0x0000000699800000, 0x0000000699c00000, 0x0000000699c00000|100%|HC|  |TAMS 0x0000000699800000| PB 0x0000000699800000| Untracked |  0
|  84|0x0000000699c00000, 0x000000069a000000, 0x000000069a000000|100%|HS|  |TAMS 0x0000000699c00000| PB 0x0000000699c00000| Untracked |  0
|  85|0x000000069a000000, 0x000000069a400000, 0x000000069a400000|100%|HC|  |TAMS 0x000000069a000000| PB 0x000000069a000000| Untracked |  0
|  86|0x000000069a400000, 0x000000069a800000, 0x000000069a800000|100%|HS|  |TAMS 0x000000069a400000| PB 0x000000069a400000| Untracked |  0
|  87|0x000000069a800000, 0x000000069ac00000, 0x000000069ac00000|100%|HC|  |TAMS 0x000000069a800000| PB 0x000000069a800000| Untracked |  0
|  88|0x000000069ac00000, 0x000000069b000000, 0x000000069b000000|100%|HS|  |TAMS 0x000000069ac00000| PB 0x000000069ac00000| Untracked |  0
|  89|0x000000069b000000, 0x000000069b400000, 0x000000069b400000|100%|HC|  |TAMS 0x000000069b000000| PB 0x000000069b000000| Untracked |  0
|  90|0x000000069b400000, 0x000000069b800000, 0x000000069b800000|100%|HS|  |TAMS 0x000000069b400000| PB 0x000000069b400000| Untracked |  0
|  91|0x000000069b800000, 0x000000069bc00000, 0x000000069bc00000|100%|HC|  |TAMS 0x000000069b800000| PB 0x000000069b800000| Untracked |  0
|  92|0x000000069bc00000, 0x000000069c000000, 0x000000069c000000|100%|HS|  |TAMS 0x000000069bc00000| PB 0x000000069bc00000| Untracked |  0
|  93|0x000000069c000000, 0x000000069c400000, 0x000000069c400000|100%|HC|  |TAMS 0x000000069c000000| PB 0x000000069c000000| Untracked |  0
|  94|0x000000069c400000, 0x000000069c7fff40, 0x000000069c800000| 99%| O|  |TAMS 0x000000069c400000| PB 0x000000069c400000| Untracked |  0
|  95|0x000000069c800000, 0x000000069cc00000, 0x000000069cc00000|100%|HS|  |TAMS 0x000000069c800000| PB 0x000000069c800000| Untracked |  0
|  96|0x000000069cc00000, 0x000000069d000000, 0x000000069d000000|100%|HC|  |TAMS 0x000000069cc00000| PB 0x000000069cc00000| Untracked |  0
|  97|0x000000069d000000, 0x000000069d400000, 0x000000069d400000|100%|HS|  |TAMS 0x000000069d000000| PB 0x000000069d000000| Untracked |  0
|  98|0x000000069d400000, 0x000000069d800000, 0x000000069d800000|100%|HC|  |TAMS 0x000000069d400000| PB 0x000000069d400000| Untracked |  0
|  99|0x000000069d800000, 0x000000069dc00000, 0x000000069dc00000|100%|HS|  |TAMS 0x000000069d800000| PB 0x000000069d800000| Untracked |  0
| 100|0x000000069dc00000, 0x000000069e000000, 0x000000069e000000|100%|HC|  |TAMS 0x000000069dc00000| PB 0x000000069dc00000| Untracked |  0
| 101|0x000000069e000000, 0x000000069e400000, 0x000000069e400000|100%|HS|  |TAMS 0x000000069e000000| PB 0x000000069e000000| Untracked |  0
| 102|0x000000069e400000, 0x000000069e800000, 0x000000069e800000|100%|HC|  |TAMS 0x000000069e400000| PB 0x000000069e400000| Untracked |  0
| 103|0x000000069e800000, 0x000000069ec00000, 0x000000069ec00000|100%|HS|  |TAMS 0x000000069e800000| PB 0x000000069e800000| Untracked |  0
| 104|0x000000069ec00000, 0x000000069f000000, 0x000000069f000000|100%|HC|  |TAMS 0x000000069ec00000| PB 0x000000069ec00000| Untracked |  0
| 105|0x000000069f000000, 0x000000069f400000, 0x000000069f400000|100%|HS|  |TAMS 0x000000069f000000| PB 0x000000069f000000| Untracked |  0
| 106|0x000000069f400000, 0x000000069f800000, 0x000000069f800000|100%|HC|  |TAMS 0x000000069f400000| PB 0x000000069f400000| Untracked |  0
| 107|0x000000069f800000, 0x000000069fc00000, 0x000000069fc00000|100%|HS|  |TAMS 0x000000069f800000| PB 0x000000069f800000| Untracked |  0
| 108|0x000000069fc00000, 0x00000006a0000000, 0x00000006a0000000|100%|HC|  |TAMS 0x000000069fc00000| PB 0x000000069fc00000| Untracked |  0
| 109|0x00000006a0000000, 0x00000006a0400000, 0x00000006a0400000|100%|HS|  |TAMS 0x00000006a0000000| PB 0x00000006a0000000| Untracked |  0
| 110|0x00000006a0400000, 0x00000006a0800000, 0x00000006a0800000|100%|HC|  |TAMS 0x00000006a0400000| PB 0x00000006a0400000| Untracked |  0
| 111|0x00000006a0800000, 0x00000006a0c00000, 0x00000006a0c00000|100%|HS|  |TAMS 0x00000006a0800000| PB 0x00000006a0800000| Untracked |  0
| 112|0x00000006a0c00000, 0x00000006a1000000, 0x00000006a1000000|100%|HC|  |TAMS 0x00000006a0c00000| PB 0x00000006a0c00000| Untracked |  0
| 113|0x00000006a1000000, 0x00000006a1400000, 0x00000006a1400000|100%|HS|  |TAMS 0x00000006a1000000| PB 0x00000006a1000000| Untracked |  0
| 114|0x00000006a1400000, 0x00000006a1800000, 0x00000006a1800000|100%|HC|  |TAMS 0x00000006a1400000| PB 0x00000006a1400000| Untracked |  0
| 115|0x00000006a1800000, 0x00000006a1c00000, 0x00000006a1c00000|100%|HS|  |TAMS 0x00000006a1800000| PB 0x00000006a1800000| Untracked |  0
| 116|0x00000006a1c00000, 0x00000006a2000000, 0x00000006a2000000|100%|HC|  |TAMS 0x00000006a1c00000| PB 0x00000006a1c00000| Untracked |  0
| 117|0x00000006a2000000, 0x00000006a2400000, 0x00000006a2400000|100%|HS|  |TAMS 0x00000006a2000000| PB 0x00000006a2000000| Untracked |  0
| 118|0x00000006a2400000, 0x00000006a2800000, 0x00000006a2800000|100%|HC|  |TAMS 0x00000006a2400000| PB 0x00000006a2400000| Untracked |  0
| 119|0x00000006a2800000, 0x00000006a2c00000, 0x00000006a2c00000|100%|HS|  |TAMS 0x00000006a2800000| PB 0x00000006a2800000| Untracked |  0
| 120|0x00000006a2c00000, 0x00000006a3000000, 0x00000006a3000000|100%|HC|  |TAMS 0x00000006a2c00000| PB 0x00000006a2c00000| Untracked |  0
| 121|0x00000006a3000000, 0x00000006a3400000, 0x00000006a3400000|100%|HS|  |TAMS 0x00000006a3000000| PB 0x00000006a3000000| Untracked |  0
| 122|0x00000006a3400000, 0x00000006a3800000, 0x00000006a3800000|100%|HC|  |TAMS 0x00000006a3400000| PB 0x00000006a3400000| Untracked |  0
| 123|0x00000006a3800000, 0x00000006a3c00000, 0x00000006a3c00000|100%|HS|  |TAMS 0x00000006a3800000| PB 0x00000006a3800000| Untracked |  0
| 124|0x00000006a3c00000, 0x00000006a4000000, 0x00000006a4000000|100%|HC|  |TAMS 0x00000006a3c00000| PB 0x00000006a3c00000| Untracked |  0
| 125|0x00000006a4000000, 0x00000006a4400000, 0x00000006a4400000|100%|HS|  |TAMS 0x00000006a4000000| PB 0x00000006a4000000| Untracked |  0
| 126|0x00000006a4400000, 0x00000006a4800000, 0x00000006a4800000|100%|HC|  |TAMS 0x00000006a4400000| PB 0x00000006a4400000| Untracked |  0
| 127|0x00000006a4800000, 0x00000006a4c00000, 0x00000006a4c00000|100%|HS|  |TAMS 0x00000006a4800000| PB 0x00000006a4800000| Untracked |  0
| 128|0x00000006a4c00000, 0x00000006a5000000, 0x00000006a5000000|100%|HC|  |TAMS 0x00000006a4c00000| PB 0x00000006a4c00000| Untracked |  0
| 129|0x00000006a5000000, 0x00000006a5400000, 0x00000006a5400000|100%|HS|  |TAMS 0x00000006a5000000| PB 0x00000006a5000000| Untracked |  0
| 130|0x00000006a5400000, 0x00000006a5800000, 0x00000006a5800000|100%|HC|  |TAMS 0x00000006a5400000| PB 0x00000006a5400000| Untracked |  0
| 131|0x00000006a5800000, 0x00000006a5c00000, 0x00000006a5c00000|100%|HS|  |TAMS 0x00000006a5800000| PB 0x00000006a5800000| Untracked |  0
| 132|0x00000006a5c00000, 0x00000006a6000000, 0x00000006a6000000|100%|HC|  |TAMS 0x00000006a5c00000| PB 0x00000006a5c00000| Untracked |  0
| 133|0x00000006a6000000, 0x00000006a6400000, 0x00000006a6400000|100%|HS|  |TAMS 0x00000006a6000000| PB 0x00000006a6000000| Untracked |  0
| 134|0x00000006a6400000, 0x00000006a6800000, 0x00000006a6800000|100%|HC|  |TAMS 0x00000006a6400000| PB 0x00000006a6400000| Untracked |  0
| 135|0x00000006a6800000, 0x00000006a6c00000, 0x00000006a6c00000|100%|HS|  |TAMS 0x00000006a6800000| PB 0x00000006a6800000| Untracked |  0
| 136|0x00000006a6c00000, 0x00000006a7000000, 0x00000006a7000000|100%|HC|  |TAMS 0x00000006a6c00000| PB 0x00000006a6c00000| Untracked |  0
| 137|0x00000006a7000000, 0x00000006a7400000, 0x00000006a7400000|100%|HS|  |TAMS 0x00000006a7000000| PB 0x00000006a7000000| Untracked |  0
| 138|0x00000006a7400000, 0x00000006a7800000, 0x00000006a7800000|100%|HC|  |TAMS 0x00000006a7400000| PB 0x00000006a7400000| Untracked |  0
| 139|0x00000006a7800000, 0x00000006a7c00000, 0x00000006a7c00000|100%|HS|  |TAMS 0x00000006a7800000| PB 0x00000006a7800000| Untracked |  0
| 140|0x00000006a7c00000, 0x00000006a8000000, 0x00000006a8000000|100%|HC|  |TAMS 0x00000006a7c00000| PB 0x00000006a7c00000| Untracked |  0
| 141|0x00000006a8000000, 0x00000006a8400000, 0x00000006a8400000|100%|HS|  |TAMS 0x00000006a8000000| PB 0x00000006a8000000| Untracked |  0
| 142|0x00000006a8400000, 0x00000006a8800000, 0x00000006a8800000|100%|HC|  |TAMS 0x00000006a8400000| PB 0x00000006a8400000| Untracked |  0
| 143|0x00000006a8800000, 0x00000006a8c00000, 0x00000006a8c00000|100%|HS|  |TAMS 0x00000006a8800000| PB 0x00000006a8800000| Untracked |  0
| 144|0x00000006a8c00000, 0x00000006a9000000, 0x00000006a9000000|100%|HC|  |TAMS 0x00000006a8c00000| PB 0x00000006a8c00000| Untracked |  0
| 145|0x00000006a9000000, 0x00000006a9400000, 0x00000006a9400000|100%|HS|  |TAMS 0x00000006a9000000| PB 0x00000006a9000000| Untracked |  0
| 146|0x00000006a9400000, 0x00000006a9800000, 0x00000006a9800000|100%|HC|  |TAMS 0x00000006a9400000| PB 0x00000006a9400000| Untracked |  0
| 147|0x00000006a9800000, 0x00000006a9c00000, 0x00000006a9c00000|100%|HS|  |TAMS 0x00000006a9800000| PB 0x00000006a9800000| Untracked |  0
| 148|0x00000006a9c00000, 0x00000006aa000000, 0x00000006aa000000|100%|HC|  |TAMS 0x00000006a9c00000| PB 0x00000006a9c00000| Untracked |  0
| 149|0x00000006aa000000, 0x00000006aa400000, 0x00000006aa400000|100%|HS|  |TAMS 0x00000006aa000000| PB 0x00000006aa000000| Untracked |  0
| 150|0x00000006aa400000, 0x00000006aa800000, 0x00000006aa800000|100%|HC|  |TAMS 0x00000006aa400000| PB 0x00000006aa400000| Untracked |  0
| 151|0x00000006aa800000, 0x00000006aac00000, 0x00000006aac00000|100%|HS|  |TAMS 0x00000006aa800000| PB 0x00000006aa800000| Untracked |  0
| 152|0x00000006aac00000, 0x00000006ab000000, 0x00000006ab000000|100%|HC|  |TAMS 0x00000006aac00000| PB 0x00000006aac00000| Untracked |  0
| 153|0x00000006ab000000, 0x00000006ab3f8d68, 0x00000006ab400000| 99%| O|  |TAMS 0x00000006ab000000| PB 0x00000006ab000000| Untracked |  0
| 154|0x00000006ab400000, 0x00000006ab800000, 0x00000006ab800000|100%|HS|  |TAMS 0x00000006ab400000| PB 0x00000006ab400000| Untracked |  0
| 155|0x00000006ab800000, 0x00000006abc00000, 0x00000006abc00000|100%|HC|  |TAMS 0x00000006ab800000| PB 0x00000006ab800000| Untracked |  0
| 156|0x00000006abc00000, 0x00000006ac000000, 0x00000006ac000000|100%|HS|  |TAMS 0x00000006abc00000| PB 0x00000006abc00000| Untracked |  0
| 157|0x00000006ac000000, 0x00000006ac400000, 0x00000006ac400000|100%|HC|  |TAMS 0x00000006ac000000| PB 0x00000006ac000000| Untracked |  0
| 158|0x00000006ac400000, 0x00000006ac800000, 0x00000006ac800000|100%|HS|  |TAMS 0x00000006ac400000| PB 0x00000006ac400000| Untracked |  0
| 159|0x00000006ac800000, 0x00000006acc00000, 0x00000006acc00000|100%|HC|  |TAMS 0x00000006ac800000| PB 0x00000006ac800000| Untracked |  0
| 160|0x00000006acc00000, 0x00000006ad000000, 0x00000006ad000000|100%|HS|  |TAMS 0x00000006acc00000| PB 0x00000006acc00000| Untracked |  0
| 161|0x00000006ad000000, 0x00000006ad400000, 0x00000006ad400000|100%|HC|  |TAMS 0x00000006ad000000| PB 0x00000006ad000000| Untracked |  0
| 162|0x00000006ad400000, 0x00000006ad800000, 0x00000006ad800000|100%|HS|  |TAMS 0x00000006ad400000| PB 0x00000006ad400000| Untracked |  0
| 163|0x00000006ad800000, 0x00000006adc00000, 0x00000006adc00000|100%|HC|  |TAMS 0x00000006ad800000| PB 0x00000006ad800000| Untracked |  0
| 164|0x00000006adc00000, 0x00000006ae000000, 0x00000006ae000000|100%|HS|  |TAMS 0x00000006adc00000| PB 0x00000006adc00000| Untracked |  0
| 165|0x00000006ae000000, 0x00000006ae400000, 0x00000006ae400000|100%|HC|  |TAMS 0x00000006ae000000| PB 0x00000006ae000000| Untracked |  0
| 166|0x00000006ae400000, 0x00000006ae800000, 0x00000006ae800000|100%|HS|  |TAMS 0x00000006ae400000| PB 0x00000006ae400000| Untracked |  0
| 167|0x00000006ae800000, 0x00000006aec00000, 0x00000006aec00000|100%|HC|  |TAMS 0x00000006ae800000| PB 0x00000006ae800000| Untracked |  0
| 168|0x00000006aec00000, 0x00000006af000000, 0x00000006af000000|100%|HS|  |TAMS 0x00000006aec00000| PB 0x00000006aec00000| Untracked |  0
| 169|0x00000006af000000, 0x00000006af400000, 0x00000006af400000|100%|HC|  |TAMS 0x00000006af000000| PB 0x00000006af000000| Untracked |  0
| 170|0x00000006af400000, 0x00000006af800000, 0x00000006af800000|100%|HS|  |TAMS 0x00000006af400000| PB 0x00000006af400000| Untracked |  0
| 171|0x00000006af800000, 0x00000006afc00000, 0x00000006afc00000|100%|HC|  |TAMS 0x00000006af800000| PB 0x00000006af800000| Untracked |  0
| 172|0x00000006afc00000, 0x00000006b0000000, 0x00000006b0000000|100%|HS|  |TAMS 0x00000006afc00000| PB 0x00000006afc00000| Untracked |  0
| 173|0x00000006b0000000, 0x00000006b0400000, 0x00000006b0400000|100%|HC|  |TAMS 0x00000006b0000000| PB 0x00000006b0000000| Untracked |  0
| 174|0x00000006b0400000, 0x00000006b0800000, 0x00000006b0800000|100%|HS|  |TAMS 0x00000006b0400000| PB 0x00000006b0400000| Untracked |  0
| 175|0x00000006b0800000, 0x00000006b0c00000, 0x00000006b0c00000|100%|HC|  |TAMS 0x00000006b0800000| PB 0x00000006b0800000| Untracked |  0
| 176|0x00000006b0c00000, 0x00000006b1000000, 0x00000006b1000000|100%|HS|  |TAMS 0x00000006b0c00000| PB 0x00000006b0c00000| Untracked |  0
| 177|0x00000006b1000000, 0x00000006b1400000, 0x00000006b1400000|100%|HC|  |TAMS 0x00000006b1000000| PB 0x00000006b1000000| Untracked |  0
| 178|0x00000006b1400000, 0x00000006b1800000, 0x00000006b1800000|100%|HS|  |TAMS 0x00000006b1400000| PB 0x00000006b1400000| Untracked |  0
| 179|0x00000006b1800000, 0x00000006b1c00000, 0x00000006b1c00000|100%|HC|  |TAMS 0x00000006b1800000| PB 0x00000006b1800000| Untracked |  0
| 180|0x00000006b1c00000, 0x00000006b2000000, 0x00000006b2000000|100%|HS|  |TAMS 0x00000006b1c00000| PB 0x00000006b1c00000| Untracked |  0
| 181|0x00000006b2000000, 0x00000006b2400000, 0x00000006b2400000|100%|HC|  |TAMS 0x00000006b2000000| PB 0x00000006b2000000| Untracked |  0
| 182|0x00000006b2400000, 0x00000006b2800000, 0x00000006b2800000|100%|HS|  |TAMS 0x00000006b2400000| PB 0x00000006b2400000| Untracked |  0
| 183|0x00000006b2800000, 0x00000006b2c00000, 0x00000006b2c00000|100%|HC|  |TAMS 0x00000006b2800000| PB 0x00000006b2800000| Untracked |  0
| 184|0x00000006b2c00000, 0x00000006b3000000, 0x00000006b3000000|100%|HS|  |TAMS 0x00000006b2c00000| PB 0x00000006b2c00000| Untracked |  0
| 185|0x00000006b3000000, 0x00000006b3400000, 0x00000006b3400000|100%|HC|  |TAMS 0x00000006b3000000| PB 0x00000006b3000000| Untracked |  0
| 186|0x00000006b3400000, 0x00000006b3800000, 0x00000006b3800000|100%|HS|  |TAMS 0x00000006b3400000| PB 0x00000006b3400000| Untracked |  0
| 187|0x00000006b3800000, 0x00000006b3c00000, 0x00000006b3c00000|100%|HC|  |TAMS 0x00000006b3800000| PB 0x00000006b3800000| Untracked |  0
| 188|0x00000006b3c00000, 0x00000006b4000000, 0x00000006b4000000|100%|HS|  |TAMS 0x00000006b3c00000| PB 0x00000006b3c00000| Untracked |  0
| 189|0x00000006b4000000, 0x00000006b4400000, 0x00000006b4400000|100%|HC|  |TAMS 0x00000006b4000000| PB 0x00000006b4000000| Untracked |  0
| 190|0x00000006b4400000, 0x00000006b4800000, 0x00000006b4800000|100%|HS|  |TAMS 0x00000006b4400000| PB 0x00000006b4400000| Untracked |  0
| 191|0x00000006b4800000, 0x00000006b4c00000, 0x00000006b4c00000|100%|HC|  |TAMS 0x00000006b4800000| PB 0x00000006b4800000| Untracked |  0
| 192|0x00000006b4c00000, 0x00000006b5000000, 0x00000006b5000000|100%|HS|  |TAMS 0x00000006b4c00000| PB 0x00000006b4c00000| Untracked |  0
| 193|0x00000006b5000000, 0x00000006b5400000, 0x00000006b5400000|100%|HC|  |TAMS 0x00000006b5000000| PB 0x00000006b5000000| Untracked |  0
| 194|0x00000006b5400000, 0x00000006b5800000, 0x00000006b5800000|100%|HS|  |TAMS 0x00000006b5400000| PB 0x00000006b5400000| Untracked |  0
| 195|0x00000006b5800000, 0x00000006b5c00000, 0x00000006b5c00000|100%|HC|  |TAMS 0x00000006b5800000| PB 0x00000006b5800000| Untracked |  0
| 196|0x00000006b5c00000, 0x00000006b6000000, 0x00000006b6000000|100%|HS|  |TAMS 0x00000006b5c00000| PB 0x00000006b5c00000| Untracked |  0
| 197|0x00000006b6000000, 0x00000006b6400000, 0x00000006b6400000|100%|HC|  |TAMS 0x00000006b6000000| PB 0x00000006b6000000| Untracked |  0
| 198|0x00000006b6400000, 0x00000006b6800000, 0x00000006b6800000|100%|HS|  |TAMS 0x00000006b6400000| PB 0x00000006b6400000| Untracked |  0
| 199|0x00000006b6800000, 0x00000006b6c00000, 0x00000006b6c00000|100%|HC|  |TAMS 0x00000006b6800000| PB 0x00000006b6800000| Untracked |  0
| 200|0x00000006b6c00000, 0x00000006b7000000, 0x00000006b7000000|100%|HS|  |TAMS 0x00000006b6c00000| PB 0x00000006b6c00000| Untracked |  0
| 201|0x00000006b7000000, 0x00000006b7400000, 0x00000006b7400000|100%|HC|  |TAMS 0x00000006b7000000| PB 0x00000006b7000000| Untracked |  0
| 202|0x00000006b7400000, 0x00000006b7800000, 0x00000006b7800000|100%|HS|  |TAMS 0x00000006b7400000| PB 0x00000006b7400000| Untracked |  0
| 203|0x00000006b7800000, 0x00000006b7c00000, 0x00000006b7c00000|100%|HC|  |TAMS 0x00000006b7800000| PB 0x00000006b7800000| Untracked |  0
| 204|0x00000006b7c00000, 0x00000006b8000000, 0x00000006b8000000|100%|HS|  |TAMS 0x00000006b7c00000| PB 0x00000006b7c00000| Untracked |  0
| 205|0x00000006b8000000, 0x00000006b8400000, 0x00000006b8400000|100%|HC|  |TAMS 0x00000006b8000000| PB 0x00000006b8000000| Untracked |  0
| 206|0x00000006b8400000, 0x00000006b87ffff0, 0x00000006b8800000| 99%| O|  |TAMS 0x00000006b8400000| PB 0x00000006b8400000| Untracked |  0
| 207|0x00000006b8800000, 0x00000006b8c00000, 0x00000006b8c00000|100%|HS|  |TAMS 0x00000006b8800000| PB 0x00000006b8800000| Untracked |  0
| 208|0x00000006b8c00000, 0x00000006b9000000, 0x00000006b9000000|100%|HC|  |TAMS 0x00000006b8c00000| PB 0x00000006b8c00000| Untracked |  0
| 209|0x00000006b9000000, 0x00000006b9400000, 0x00000006b9400000|100%|HS|  |TAMS 0x00000006b9000000| PB 0x00000006b9000000| Untracked |  0
| 210|0x00000006b9400000, 0x00000006b9800000, 0x00000006b9800000|100%|HC|  |TAMS 0x00000006b9400000| PB 0x00000006b9400000| Untracked |  0
| 211|0x00000006b9800000, 0x00000006b9c00000, 0x00000006b9c00000|100%|HS|  |TAMS 0x00000006b9800000| PB 0x00000006b9800000| Untracked |  0
| 212|0x00000006b9c00000, 0x00000006ba000000, 0x00000006ba000000|100%|HC|  |TAMS 0x00000006b9c00000| PB 0x00000006b9c00000| Untracked |  0
| 213|0x00000006ba000000, 0x00000006ba400000, 0x00000006ba400000|100%|HS|  |TAMS 0x00000006ba000000| PB 0x00000006ba000000| Untracked |  0
| 214|0x00000006ba400000, 0x00000006ba800000, 0x00000006ba800000|100%|HC|  |TAMS 0x00000006ba400000| PB 0x00000006ba400000| Untracked |  0
| 215|0x00000006ba800000, 0x00000006bac00000, 0x00000006bac00000|100%|HS|  |TAMS 0x00000006ba800000| PB 0x00000006ba800000| Untracked |  0
| 216|0x00000006bac00000, 0x00000006bb000000, 0x00000006bb000000|100%|HC|  |TAMS 0x00000006bac00000| PB 0x00000006bac00000| Untracked |  0
| 217|0x00000006bb000000, 0x00000006bb400000, 0x00000006bb400000|100%|HS|  |TAMS 0x00000006bb000000| PB 0x00000006bb000000| Untracked |  0
| 218|0x00000006bb400000, 0x00000006bb800000, 0x00000006bb800000|100%|HC|  |TAMS 0x00000006bb400000| PB 0x00000006bb400000| Untracked |  0
| 219|0x00000006bb800000, 0x00000006bbc00000, 0x00000006bbc00000|100%|HS|  |TAMS 0x00000006bb800000| PB 0x00000006bb800000| Untracked |  0
| 220|0x00000006bbc00000, 0x00000006bc000000, 0x00000006bc000000|100%|HC|  |TAMS 0x00000006bbc00000| PB 0x00000006bbc00000| Untracked |  0
| 221|0x00000006bc000000, 0x00000006bc400000, 0x00000006bc400000|100%|HS|  |TAMS 0x00000006bc000000| PB 0x00000006bc000000| Untracked |  0
| 222|0x00000006bc400000, 0x00000006bc800000, 0x00000006bc800000|100%|HC|  |TAMS 0x00000006bc400000| PB 0x00000006bc400000| Untracked |  0
| 223|0x00000006bc800000, 0x00000006bcc00000, 0x00000006bcc00000|100%|HS|  |TAMS 0x00000006bc800000| PB 0x00000006bc800000| Untracked |  0
| 224|0x00000006bcc00000, 0x00000006bd000000, 0x00000006bd000000|100%|HC|  |TAMS 0x00000006bcc00000| PB 0x00000006bcc00000| Untracked |  0
| 225|0x00000006bd000000, 0x00000006bd400000, 0x00000006bd400000|100%|HS|  |TAMS 0x00000006bd000000| PB 0x00000006bd000000| Untracked |  0
| 226|0x00000006bd400000, 0x00000006bd800000, 0x00000006bd800000|100%|HC|  |TAMS 0x00000006bd400000| PB 0x00000006bd400000| Untracked |  0
| 227|0x00000006bd800000, 0x00000006bdc00000, 0x00000006bdc00000|100%|HS|  |TAMS 0x00000006bd800000| PB 0x00000006bd800000| Untracked |  0
| 228|0x00000006bdc00000, 0x00000006be000000, 0x00000006be000000|100%|HC|  |TAMS 0x00000006bdc00000| PB 0x00000006bdc00000| Untracked |  0
| 229|0x00000006be000000, 0x00000006be400000, 0x00000006be400000|100%|HS|  |TAMS 0x00000006be000000| PB 0x00000006be000000| Untracked |  0
| 230|0x00000006be400000, 0x00000006be800000, 0x00000006be800000|100%|HC|  |TAMS 0x00000006be400000| PB 0x00000006be400000| Untracked |  0
| 231|0x00000006be800000, 0x00000006bec00000, 0x00000006bec00000|100%|HS|  |TAMS 0x00000006be800000| PB 0x00000006be800000| Untracked |  0
| 232|0x00000006bec00000, 0x00000006bf000000, 0x00000006bf000000|100%|HC|  |TAMS 0x00000006bec00000| PB 0x00000006bec00000| Untracked |  0
| 233|0x00000006bf000000, 0x00000006bf400000, 0x00000006bf400000|100%|HS|  |TAMS 0x00000006bf000000| PB 0x00000006bf000000| Untracked |  0
| 234|0x00000006bf400000, 0x00000006bf800000, 0x00000006bf800000|100%|HC|  |TAMS 0x00000006bf400000| PB 0x00000006bf400000| Untracked |  0
| 235|0x00000006bf800000, 0x00000006bfc00000, 0x00000006bfc00000|100%|HS|  |TAMS 0x00000006bf800000| PB 0x00000006bf800000| Untracked |  0
| 236|0x00000006bfc00000, 0x00000006c0000000, 0x00000006c0000000|100%|HC|  |TAMS 0x00000006bfc00000| PB 0x00000006bfc00000| Untracked |  0
| 237|0x00000006c0000000, 0x00000006c0400000, 0x00000006c0400000|100%|HS|  |TAMS 0x00000006c0000000| PB 0x00000006c0000000| Untracked |  0
| 238|0x00000006c0400000, 0x00000006c0800000, 0x00000006c0800000|100%|HC|  |TAMS 0x00000006c0400000| PB 0x00000006c0400000| Untracked |  0
| 239|0x00000006c0800000, 0x00000006c0c00000, 0x00000006c0c00000|100%|HS|  |TAMS 0x00000006c0800000| PB 0x00000006c0800000| Untracked |  0
| 240|0x00000006c0c00000, 0x00000006c1000000, 0x00000006c1000000|100%|HC|  |TAMS 0x00000006c0c00000| PB 0x00000006c0c00000| Untracked |  0
| 241|0x00000006c1000000, 0x00000006c1400000, 0x00000006c1400000|100%|HS|  |TAMS 0x00000006c1000000| PB 0x00000006c1000000| Untracked |  0
| 242|0x00000006c1400000, 0x00000006c1800000, 0x00000006c1800000|100%|HC|  |TAMS 0x00000006c1400000| PB 0x00000006c1400000| Untracked |  0
| 243|0x00000006c1800000, 0x00000006c1c00000, 0x00000006c1c00000|100%|HS|  |TAMS 0x00000006c1800000| PB 0x00000006c1800000| Untracked |  0
| 244|0x00000006c1c00000, 0x00000006c2000000, 0x00000006c2000000|100%|HC|  |TAMS 0x00000006c1c00000| PB 0x00000006c1c00000| Untracked |  0
| 245|0x00000006c2000000, 0x00000006c2400000, 0x00000006c2400000|100%|HS|  |TAMS 0x00000006c2000000| PB 0x00000006c2000000| Untracked |  0
| 246|0x00000006c2400000, 0x00000006c2800000, 0x00000006c2800000|100%|HC|  |TAMS 0x00000006c2400000| PB 0x00000006c2400000| Untracked |  0
| 247|0x00000006c2800000, 0x00000006c2c00000, 0x00000006c2c00000|100%|HS|  |TAMS 0x00000006c2800000| PB 0x00000006c2800000| Untracked |  0
| 248|0x00000006c2c00000, 0x00000006c3000000, 0x00000006c3000000|100%|HC|  |TAMS 0x00000006c2c00000| PB 0x00000006c2c00000| Untracked |  0
| 249|0x00000006c3000000, 0x00000006c3400000, 0x00000006c3400000|100%|HS|  |TAMS 0x00000006c3000000| PB 0x00000006c3000000| Untracked |  0
| 250|0x00000006c3400000, 0x00000006c3800000, 0x00000006c3800000|100%|HC|  |TAMS 0x00000006c3400000| PB 0x00000006c3400000| Untracked |  0
| 251|0x00000006c3800000, 0x00000006c3c00000, 0x00000006c3c00000|100%|HS|  |TAMS 0x00000006c3800000| PB 0x00000006c3800000| Untracked |  0
| 252|0x00000006c3c00000, 0x00000006c4000000, 0x00000006c4000000|100%|HC|  |TAMS 0x00000006c3c00000| PB 0x00000006c3c00000| Untracked |  0
| 253|0x00000006c4000000, 0x00000006c4400000, 0x00000006c4400000|100%|HS|  |TAMS 0x00000006c4000000| PB 0x00000006c4000000| Untracked |  0
| 254|0x00000006c4400000, 0x00000006c4800000, 0x00000006c4800000|100%|HC|  |TAMS 0x00000006c4400000| PB 0x00000006c4400000| Untracked |  0
| 255|0x00000006c4800000, 0x00000006c4c00000, 0x00000006c4c00000|100%|HS|  |TAMS 0x00000006c4800000| PB 0x00000006c4800000| Untracked |  0
| 256|0x00000006c4c00000, 0x00000006c5000000, 0x00000006c5000000|100%|HC|  |TAMS 0x00000006c4c00000| PB 0x00000006c4c00000| Untracked |  0
| 257|0x00000006c5000000, 0x00000006c5400000, 0x00000006c5400000|100%|HS|  |TAMS 0x00000006c5000000| PB 0x00000006c5000000| Untracked |  0
| 258|0x00000006c5400000, 0x00000006c5800000, 0x00000006c5800000|100%|HC|  |TAMS 0x00000006c5400000| PB 0x00000006c5400000| Untracked |  0
| 259|0x00000006c5800000, 0x00000006c5c00000, 0x00000006c5c00000|100%|HS|  |TAMS 0x00000006c5800000| PB 0x00000006c5800000| Untracked |  0
| 260|0x00000006c5c00000, 0x00000006c6000000, 0x00000006c6000000|100%|HC|  |TAMS 0x00000006c5c00000| PB 0x00000006c5c00000| Untracked |  0
| 261|0x00000006c6000000, 0x00000006c6400000, 0x00000006c6400000|100%|HS|  |TAMS 0x00000006c6000000| PB 0x00000006c6000000| Untracked |  0
| 262|0x00000006c6400000, 0x00000006c6800000, 0x00000006c6800000|100%|HC|  |TAMS 0x00000006c6400000| PB 0x00000006c6400000| Untracked |  0
| 263|0x00000006c6800000, 0x00000006c6c00000, 0x00000006c6c00000|100%|HS|  |TAMS 0x00000006c6800000| PB 0x00000006c6800000| Untracked |  0
| 264|0x00000006c6c00000, 0x00000006c7000000, 0x00000006c7000000|100%|HC|  |TAMS 0x00000006c6c00000| PB 0x00000006c6c00000| Untracked |  0
| 265|0x00000006c7000000, 0x00000006c7400000, 0x00000006c7400000|100%|HS|  |TAMS 0x00000006c7000000| PB 0x00000006c7000000| Untracked |  0
| 266|0x00000006c7400000, 0x00000006c7800000, 0x00000006c7800000|100%|HC|  |TAMS 0x00000006c7400000| PB 0x00000006c7400000| Untracked |  0
| 267|0x00000006c7800000, 0x00000006c7c00000, 0x00000006c7c00000|100%|HS|  |TAMS 0x00000006c7800000| PB 0x00000006c7800000| Untracked |  0
| 268|0x00000006c7c00000, 0x00000006c8000000, 0x00000006c8000000|100%|HC|  |TAMS 0x00000006c7c00000| PB 0x00000006c7c00000| Untracked |  0
| 269|0x00000006c8000000, 0x00000006c8400000, 0x00000006c8400000|100%|HS|  |TAMS 0x00000006c8000000| PB 0x00000006c8000000| Untracked |  0
| 270|0x00000006c8400000, 0x00000006c8800000, 0x00000006c8800000|100%|HC|  |TAMS 0x00000006c8400000| PB 0x00000006c8400000| Untracked |  0
| 271|0x00000006c8800000, 0x00000006c8c00000, 0x00000006c8c00000|100%|HS|  |TAMS 0x00000006c8800000| PB 0x00000006c8800000| Untracked |  0
| 272|0x00000006c8c00000, 0x00000006c9000000, 0x00000006c9000000|100%|HC|  |TAMS 0x00000006c8c00000| PB 0x00000006c8c00000| Untracked |  0
| 273|0x00000006c9000000, 0x00000006c9400000, 0x00000006c9400000|100%|HS|  |TAMS 0x00000006c9000000| PB 0x00000006c9000000| Untracked |  0
| 274|0x00000006c9400000, 0x00000006c9800000, 0x00000006c9800000|100%|HC|  |TAMS 0x00000006c9400000| PB 0x00000006c9400000| Untracked |  0
| 275|0x00000006c9800000, 0x00000006c9c00000, 0x00000006c9c00000|100%|HS|  |TAMS 0x00000006c9800000| PB 0x00000006c9800000| Untracked |  0
| 276|0x00000006c9c00000, 0x00000006ca000000, 0x00000006ca000000|100%|HC|  |TAMS 0x00000006c9c00000| PB 0x00000006c9c00000| Untracked |  0
| 277|0x00000006ca000000, 0x00000006ca400000, 0x00000006ca400000|100%|HS|  |TAMS 0x00000006ca000000| PB 0x00000006ca000000| Untracked |  0
| 278|0x00000006ca400000, 0x00000006ca800000, 0x00000006ca800000|100%|HC|  |TAMS 0x00000006ca400000| PB 0x00000006ca400000| Untracked |  0
| 279|0x00000006ca800000, 0x00000006cac00000, 0x00000006cac00000|100%|HS|  |TAMS 0x00000006ca800000| PB 0x00000006ca800000| Untracked |  0
| 280|0x00000006cac00000, 0x00000006cb000000, 0x00000006cb000000|100%|HC|  |TAMS 0x00000006cac00000| PB 0x00000006cac00000| Untracked |  0
| 281|0x00000006cb000000, 0x00000006cb400000, 0x00000006cb400000|100%|HS|  |TAMS 0x00000006cb000000| PB 0x00000006cb000000| Untracked |  0
| 282|0x00000006cb400000, 0x00000006cb800000, 0x00000006cb800000|100%|HC|  |TAMS 0x00000006cb400000| PB 0x00000006cb400000| Untracked |  0
| 283|0x00000006cb800000, 0x00000006cbc00000, 0x00000006cbc00000|100%|HS|  |TAMS 0x00000006cb800000| PB 0x00000006cb800000| Untracked |  0
| 284|0x00000006cbc00000, 0x00000006cc000000, 0x00000006cc000000|100%|HC|  |TAMS 0x00000006cbc00000| PB 0x00000006cbc00000| Untracked |  0
| 285|0x00000006cc000000, 0x00000006cc400000, 0x00000006cc400000|100%|HS|  |TAMS 0x00000006cc000000| PB 0x00000006cc000000| Untracked |  0
| 286|0x00000006cc400000, 0x00000006cc800000, 0x00000006cc800000|100%|HC|  |TAMS 0x00000006cc400000| PB 0x00000006cc400000| Untracked |  0
| 287|0x00000006cc800000, 0x00000006ccc00000, 0x00000006ccc00000|100%|HS|  |TAMS 0x00000006cc800000| PB 0x00000006cc800000| Untracked |  0
| 288|0x00000006ccc00000, 0x00000006cd000000, 0x00000006cd000000|100%|HC|  |TAMS 0x00000006ccc00000| PB 0x00000006ccc00000| Untracked |  0
| 289|0x00000006cd000000, 0x00000006cd400000, 0x00000006cd400000|100%|HS|  |TAMS 0x00000006cd000000| PB 0x00000006cd000000| Untracked |  0
| 290|0x00000006cd400000, 0x00000006cd800000, 0x00000006cd800000|100%|HC|  |TAMS 0x00000006cd400000| PB 0x00000006cd400000| Untracked |  0
| 291|0x00000006cd800000, 0x00000006cdc00000, 0x00000006cdc00000|100%|HS|  |TAMS 0x00000006cd800000| PB 0x00000006cd800000| Untracked |  0
| 292|0x00000006cdc00000, 0x00000006ce000000, 0x00000006ce000000|100%|HC|  |TAMS 0x00000006cdc00000| PB 0x00000006cdc00000| Untracked |  0
| 293|0x00000006ce000000, 0x00000006ce400000, 0x00000006ce400000|100%|HS|  |TAMS 0x00000006ce000000| PB 0x00000006ce000000| Untracked |  0
| 294|0x00000006ce400000, 0x00000006ce800000, 0x00000006ce800000|100%|HC|  |TAMS 0x00000006ce400000| PB 0x00000006ce400000| Untracked |  0
| 295|0x00000006ce800000, 0x00000006cec00000, 0x00000006cec00000|100%|HS|  |TAMS 0x00000006ce800000| PB 0x00000006ce800000| Untracked |  0
| 296|0x00000006cec00000, 0x00000006cf000000, 0x00000006cf000000|100%|HC|  |TAMS 0x00000006cec00000| PB 0x00000006cec00000| Untracked |  0
| 297|0x00000006cf000000, 0x00000006cf400000, 0x00000006cf400000|100%|HS|  |TAMS 0x00000006cf000000| PB 0x00000006cf000000| Untracked |  0
| 298|0x00000006cf400000, 0x00000006cf800000, 0x00000006cf800000|100%|HC|  |TAMS 0x00000006cf400000| PB 0x00000006cf400000| Untracked |  0
| 299|0x00000006cf800000, 0x00000006cfc00000, 0x00000006cfc00000|100%|HS|  |TAMS 0x00000006cf800000| PB 0x00000006cf800000| Untracked |  0
| 300|0x00000006cfc00000, 0x00000006d0000000, 0x00000006d0000000|100%|HC|  |TAMS 0x00000006cfc00000| PB 0x00000006cfc00000| Untracked |  0
| 301|0x00000006d0000000, 0x00000006d0400000, 0x00000006d0400000|100%|HS|  |TAMS 0x00000006d0000000| PB 0x00000006d0000000| Untracked |  0
| 302|0x00000006d0400000, 0x00000006d0800000, 0x00000006d0800000|100%|HC|  |TAMS 0x00000006d0400000| PB 0x00000006d0400000| Untracked |  0
| 303|0x00000006d0800000, 0x00000006d0c00000, 0x00000006d0c00000|100%|HS|  |TAMS 0x00000006d0800000| PB 0x00000006d0800000| Untracked |  0
| 304|0x00000006d0c00000, 0x00000006d1000000, 0x00000006d1000000|100%|HC|  |TAMS 0x00000006d0c00000| PB 0x00000006d0c00000| Untracked |  0
| 305|0x00000006d1000000, 0x00000006d1400000, 0x00000006d1400000|100%|HS|  |TAMS 0x00000006d1000000| PB 0x00000006d1000000| Untracked |  0
| 306|0x00000006d1400000, 0x00000006d1800000, 0x00000006d1800000|100%|HC|  |TAMS 0x00000006d1400000| PB 0x00000006d1400000| Untracked |  0
| 307|0x00000006d1800000, 0x00000006d1c00000, 0x00000006d1c00000|100%|HS|  |TAMS 0x00000006d1800000| PB 0x00000006d1800000| Untracked |  0
| 308|0x00000006d1c00000, 0x00000006d2000000, 0x00000006d2000000|100%|HC|  |TAMS 0x00000006d1c00000| PB 0x00000006d1c00000| Untracked |  0
| 309|0x00000006d2000000, 0x00000006d2400000, 0x00000006d2400000|100%|HS|  |TAMS 0x00000006d2000000| PB 0x00000006d2000000| Untracked |  0
| 310|0x00000006d2400000, 0x00000006d2800000, 0x00000006d2800000|100%|HC|  |TAMS 0x00000006d2400000| PB 0x00000006d2400000| Untracked |  0
| 311|0x00000006d2800000, 0x00000006d2c00000, 0x00000006d2c00000|100%|HS|  |TAMS 0x00000006d2800000| PB 0x00000006d2800000| Untracked |  0
| 312|0x00000006d2c00000, 0x00000006d3000000, 0x00000006d3000000|100%|HC|  |TAMS 0x00000006d2c00000| PB 0x00000006d2c00000| Untracked |  0
| 313|0x00000006d3000000, 0x00000006d3400000, 0x00000006d3400000|100%|HS|  |TAMS 0x00000006d3000000| PB 0x00000006d3000000| Untracked |  0
| 314|0x00000006d3400000, 0x00000006d3800000, 0x00000006d3800000|100%|HC|  |TAMS 0x00000006d3400000| PB 0x00000006d3400000| Untracked |  0
| 315|0x00000006d3800000, 0x00000006d3c00000, 0x00000006d3c00000|100%|HS|  |TAMS 0x00000006d3800000| PB 0x00000006d3800000| Untracked |  0
| 316|0x00000006d3c00000, 0x00000006d4000000, 0x00000006d4000000|100%|HC|  |TAMS 0x00000006d3c00000| PB 0x00000006d3c00000| Untracked |  0
| 317|0x00000006d4000000, 0x00000006d4400000, 0x00000006d4400000|100%|HS|  |TAMS 0x00000006d4000000| PB 0x00000006d4000000| Untracked |  0
| 318|0x00000006d4400000, 0x00000006d4800000, 0x00000006d4800000|100%|HC|  |TAMS 0x00000006d4400000| PB 0x00000006d4400000| Untracked |  0
| 319|0x00000006d4800000, 0x00000006d4c00000, 0x00000006d4c00000|100%|HS|  |TAMS 0x00000006d4800000| PB 0x00000006d4800000| Untracked |  0
| 320|0x00000006d4c00000, 0x00000006d5000000, 0x00000006d5000000|100%|HC|  |TAMS 0x00000006d4c00000| PB 0x00000006d4c00000| Untracked |  0
| 321|0x00000006d5000000, 0x00000006d5400000, 0x00000006d5400000|100%|HS|  |TAMS 0x00000006d5000000| PB 0x00000006d5000000| Untracked |  0
| 322|0x00000006d5400000, 0x00000006d5800000, 0x00000006d5800000|100%|HC|  |TAMS 0x00000006d5400000| PB 0x00000006d5400000| Untracked |  0
| 323|0x00000006d5800000, 0x00000006d5c00000, 0x00000006d5c00000|100%|HS|  |TAMS 0x00000006d5800000| PB 0x00000006d5800000| Untracked |  0
| 324|0x00000006d5c00000, 0x00000006d6000000, 0x00000006d6000000|100%|HC|  |TAMS 0x00000006d5c00000| PB 0x00000006d5c00000| Untracked |  0
| 325|0x00000006d6000000, 0x00000006d6400000, 0x00000006d6400000|100%|HS|  |TAMS 0x00000006d6000000| PB 0x00000006d6000000| Untracked |  0
| 326|0x00000006d6400000, 0x00000006d6800000, 0x00000006d6800000|100%|HC|  |TAMS 0x00000006d6400000| PB 0x00000006d6400000| Untracked |  0
| 327|0x00000006d6800000, 0x00000006d6c00000, 0x00000006d6c00000|100%|HS|  |TAMS 0x00000006d6800000| PB 0x00000006d6800000| Untracked |  0
| 328|0x00000006d6c00000, 0x00000006d7000000, 0x00000006d7000000|100%|HC|  |TAMS 0x00000006d6c00000| PB 0x00000006d6c00000| Untracked |  0
| 329|0x00000006d7000000, 0x00000006d7400000, 0x00000006d7400000|100%|HS|  |TAMS 0x00000006d7000000| PB 0x00000006d7000000| Untracked |  0
| 330|0x00000006d7400000, 0x00000006d7800000, 0x00000006d7800000|100%|HC|  |TAMS 0x00000006d7400000| PB 0x00000006d7400000| Untracked |  0
| 331|0x00000006d7800000, 0x00000006d7c00000, 0x00000006d7c00000|100%|HS|  |TAMS 0x00000006d7800000| PB 0x00000006d7800000| Untracked |  0
| 332|0x00000006d7c00000, 0x00000006d8000000, 0x00000006d8000000|100%|HC|  |TAMS 0x00000006d7c00000| PB 0x00000006d7c00000| Untracked |  0
| 333|0x00000006d8000000, 0x00000006d8400000, 0x00000006d8400000|100%|HS|  |TAMS 0x00000006d8000000| PB 0x00000006d8000000| Untracked |  0
| 334|0x00000006d8400000, 0x00000006d8800000, 0x00000006d8800000|100%|HC|  |TAMS 0x00000006d8400000| PB 0x00000006d8400000| Untracked |  0
| 335|0x00000006d8800000, 0x00000006d8c00000, 0x00000006d8c00000|100%|HS|  |TAMS 0x00000006d8800000| PB 0x00000006d8800000| Untracked |  0
| 336|0x00000006d8c00000, 0x00000006d9000000, 0x00000006d9000000|100%|HC|  |TAMS 0x00000006d8c00000| PB 0x00000006d8c00000| Untracked |  0
| 337|0x00000006d9000000, 0x00000006d9400000, 0x00000006d9400000|100%|HS|  |TAMS 0x00000006d9000000| PB 0x00000006d9000000| Untracked |  0
| 338|0x00000006d9400000, 0x00000006d9800000, 0x00000006d9800000|100%|HC|  |TAMS 0x00000006d9400000| PB 0x00000006d9400000| Untracked |  0
| 339|0x00000006d9800000, 0x00000006d9c00000, 0x00000006d9c00000|100%|HS|  |TAMS 0x00000006d9800000| PB 0x00000006d9800000| Untracked |  0
| 340|0x00000006d9c00000, 0x00000006da000000, 0x00000006da000000|100%|HC|  |TAMS 0x00000006d9c00000| PB 0x00000006d9c00000| Untracked |  0
| 341|0x00000006da000000, 0x00000006da400000, 0x00000006da400000|100%|HS|  |TAMS 0x00000006da000000| PB 0x00000006da000000| Untracked |  0
| 342|0x00000006da400000, 0x00000006da800000, 0x00000006da800000|100%|HC|  |TAMS 0x00000006da400000| PB 0x00000006da400000| Untracked |  0
| 343|0x00000006da800000, 0x00000006dac00000, 0x00000006dac00000|100%|HS|  |TAMS 0x00000006da800000| PB 0x00000006da800000| Untracked |  0
| 344|0x00000006dac00000, 0x00000006db000000, 0x00000006db000000|100%|HC|  |TAMS 0x00000006dac00000| PB 0x00000006dac00000| Untracked |  0
| 345|0x00000006db000000, 0x00000006db400000, 0x00000006db400000|100%|HS|  |TAMS 0x00000006db000000| PB 0x00000006db000000| Untracked |  0
| 346|0x00000006db400000, 0x00000006db800000, 0x00000006db800000|100%|HC|  |TAMS 0x00000006db400000| PB 0x00000006db400000| Untracked |  0
| 347|0x00000006db800000, 0x00000006dbc00000, 0x00000006dbc00000|100%|HS|  |TAMS 0x00000006db800000| PB 0x00000006db800000| Untracked |  0
| 348|0x00000006dbc00000, 0x00000006dc000000, 0x00000006dc000000|100%|HC|  |TAMS 0x00000006dbc00000| PB 0x00000006dbc00000| Untracked |  0
| 349|0x00000006dc000000, 0x00000006dc400000, 0x00000006dc400000|100%|HS|  |TAMS 0x00000006dc000000| PB 0x00000006dc000000| Untracked |  0
| 350|0x00000006dc400000, 0x00000006dc800000, 0x00000006dc800000|100%|HC|  |TAMS 0x00000006dc400000| PB 0x00000006dc400000| Untracked |  0
| 351|0x00000006dc800000, 0x00000006dcc00000, 0x00000006dcc00000|100%|HS|  |TAMS 0x00000006dc800000| PB 0x00000006dc800000| Untracked |  0
| 352|0x00000006dcc00000, 0x00000006dd000000, 0x00000006dd000000|100%|HC|  |TAMS 0x00000006dcc00000| PB 0x00000006dcc00000| Untracked |  0
| 353|0x00000006dd000000, 0x00000006dd400000, 0x00000006dd400000|100%|HS|  |TAMS 0x00000006dd000000| PB 0x00000006dd000000| Untracked |  0
| 354|0x00000006dd400000, 0x00000006dd800000, 0x00000006dd800000|100%|HC|  |TAMS 0x00000006dd400000| PB 0x00000006dd400000| Untracked |  0
| 355|0x00000006dd800000, 0x00000006ddc00000, 0x00000006ddc00000|100%|HS|  |TAMS 0x00000006dd800000| PB 0x00000006dd800000| Untracked |  0
| 356|0x00000006ddc00000, 0x00000006de000000, 0x00000006de000000|100%|HC|  |TAMS 0x00000006ddc00000| PB 0x00000006ddc00000| Untracked |  0
| 357|0x00000006de000000, 0x00000006de400000, 0x00000006de400000|100%|HS|  |TAMS 0x00000006de000000| PB 0x00000006de000000| Untracked |  0
| 358|0x00000006de400000, 0x00000006de800000, 0x00000006de800000|100%|HC|  |TAMS 0x00000006de400000| PB 0x00000006de400000| Untracked |  0
| 359|0x00000006de800000, 0x00000006dec00000, 0x00000006dec00000|100%|HS|  |TAMS 0x00000006de800000| PB 0x00000006de800000| Untracked |  0
| 360|0x00000006dec00000, 0x00000006df000000, 0x00000006df000000|100%|HC|  |TAMS 0x00000006dec00000| PB 0x00000006dec00000| Untracked |  0
| 361|0x00000006df000000, 0x00000006df400000, 0x00000006df400000|100%|HS|  |TAMS 0x00000006df000000| PB 0x00000006df000000| Untracked |  0
| 362|0x00000006df400000, 0x00000006df800000, 0x00000006df800000|100%|HC|  |TAMS 0x00000006df400000| PB 0x00000006df400000| Untracked |  0
| 363|0x00000006df800000, 0x00000006dfc00000, 0x00000006dfc00000|100%|HS|  |TAMS 0x00000006df800000| PB 0x00000006df800000| Untracked |  0
| 364|0x00000006dfc00000, 0x00000006e0000000, 0x00000006e0000000|100%|HC|  |TAMS 0x00000006dfc00000| PB 0x00000006dfc00000| Untracked |  0
| 365|0x00000006e0000000, 0x00000006e0400000, 0x00000006e0400000|100%|HS|  |TAMS 0x00000006e0000000| PB 0x00000006e0000000| Untracked |  0
| 366|0x00000006e0400000, 0x00000006e0800000, 0x00000006e0800000|100%|HC|  |TAMS 0x00000006e0400000| PB 0x00000006e0400000| Untracked |  0
| 367|0x00000006e0800000, 0x00000006e0c00000, 0x00000006e0c00000|100%|HS|  |TAMS 0x00000006e0800000| PB 0x00000006e0800000| Untracked |  0
| 368|0x00000006e0c00000, 0x00000006e1000000, 0x00000006e1000000|100%|HC|  |TAMS 0x00000006e0c00000| PB 0x00000006e0c00000| Untracked |  0
| 369|0x00000006e1000000, 0x00000006e1400000, 0x00000006e1400000|100%|HS|  |TAMS 0x00000006e1000000| PB 0x00000006e1000000| Untracked |  0
| 370|0x00000006e1400000, 0x00000006e1800000, 0x00000006e1800000|100%|HC|  |TAMS 0x00000006e1400000| PB 0x00000006e1400000| Untracked |  0
| 371|0x00000006e1800000, 0x00000006e1c00000, 0x00000006e1c00000|100%|HS|  |TAMS 0x00000006e1800000| PB 0x00000006e1800000| Untracked |  0
| 372|0x00000006e1c00000, 0x00000006e2000000, 0x00000006e2000000|100%|HC|  |TAMS 0x00000006e1c00000| PB 0x00000006e1c00000| Untracked |  0
| 373|0x00000006e2000000, 0x00000006e2400000, 0x00000006e2400000|100%|HS|  |TAMS 0x00000006e2000000| PB 0x00000006e2000000| Untracked |  0
| 374|0x00000006e2400000, 0x00000006e2800000, 0x00000006e2800000|100%|HC|  |TAMS 0x00000006e2400000| PB 0x00000006e2400000| Untracked |  0
| 375|0x00000006e2800000, 0x00000006e2c00000, 0x00000006e2c00000|100%|HS|  |TAMS 0x00000006e2800000| PB 0x00000006e2800000| Untracked |  0
| 376|0x00000006e2c00000, 0x00000006e3000000, 0x00000006e3000000|100%|HC|  |TAMS 0x00000006e2c00000| PB 0x00000006e2c00000| Untracked |  0
| 377|0x00000006e3000000, 0x00000006e3400000, 0x00000006e3400000|100%|HS|  |TAMS 0x00000006e3000000| PB 0x00000006e3000000| Untracked |  0
| 378|0x00000006e3400000, 0x00000006e3800000, 0x00000006e3800000|100%|HC|  |TAMS 0x00000006e3400000| PB 0x00000006e3400000| Untracked |  0
| 379|0x00000006e3800000, 0x00000006e3c00000, 0x00000006e3c00000|100%|HS|  |TAMS 0x00000006e3800000| PB 0x00000006e3800000| Untracked |  0
| 380|0x00000006e3c00000, 0x00000006e4000000, 0x00000006e4000000|100%|HC|  |TAMS 0x00000006e3c00000| PB 0x00000006e3c00000| Untracked |  0
| 381|0x00000006e4000000, 0x00000006e4400000, 0x00000006e4400000|100%|HS|  |TAMS 0x00000006e4000000| PB 0x00000006e4000000| Untracked |  0
| 382|0x00000006e4400000, 0x00000006e4800000, 0x00000006e4800000|100%|HC|  |TAMS 0x00000006e4400000| PB 0x00000006e4400000| Untracked |  0
| 383|0x00000006e4800000, 0x00000006e4c00000, 0x00000006e4c00000|100%|HS|  |TAMS 0x00000006e4800000| PB 0x00000006e4800000| Untracked |  0
| 384|0x00000006e4c00000, 0x00000006e5000000, 0x00000006e5000000|100%|HC|  |TAMS 0x00000006e4c00000| PB 0x00000006e4c00000| Untracked |  0
| 385|0x00000006e5000000, 0x00000006e5400000, 0x00000006e5400000|100%|HS|  |TAMS 0x00000006e5000000| PB 0x00000006e5000000| Untracked |  0
| 386|0x00000006e5400000, 0x00000006e5800000, 0x00000006e5800000|100%|HC|  |TAMS 0x00000006e5400000| PB 0x00000006e5400000| Untracked |  0
| 387|0x00000006e5800000, 0x00000006e5c00000, 0x00000006e5c00000|100%|HS|  |TAMS 0x00000006e5800000| PB 0x00000006e5800000| Untracked |  0
| 388|0x00000006e5c00000, 0x00000006e6000000, 0x00000006e6000000|100%|HC|  |TAMS 0x00000006e5c00000| PB 0x00000006e5c00000| Untracked |  0
| 389|0x00000006e6000000, 0x00000006e6400000, 0x00000006e6400000|100%|HS|  |TAMS 0x00000006e6000000| PB 0x00000006e6000000| Untracked |  0
| 390|0x00000006e6400000, 0x00000006e6800000, 0x00000006e6800000|100%|HC|  |TAMS 0x00000006e6400000| PB 0x00000006e6400000| Untracked |  0
| 391|0x00000006e6800000, 0x00000006e6c00000, 0x00000006e6c00000|100%|HS|  |TAMS 0x00000006e6800000| PB 0x00000006e6800000| Untracked |  0
| 392|0x00000006e6c00000, 0x00000006e7000000, 0x00000006e7000000|100%|HC|  |TAMS 0x00000006e6c00000| PB 0x00000006e6c00000| Untracked |  0
| 393|0x00000006e7000000, 0x00000006e7400000, 0x00000006e7400000|100%|HS|  |TAMS 0x00000006e7000000| PB 0x00000006e7000000| Untracked |  0
| 394|0x00000006e7400000, 0x00000006e7800000, 0x00000006e7800000|100%|HC|  |TAMS 0x00000006e7400000| PB 0x00000006e7400000| Untracked |  0
| 395|0x00000006e7800000, 0x00000006e7c00000, 0x00000006e7c00000|100%|HS|  |TAMS 0x00000006e7800000| PB 0x00000006e7800000| Untracked |  0
| 396|0x00000006e7c00000, 0x00000006e8000000, 0x00000006e8000000|100%|HC|  |TAMS 0x00000006e7c00000| PB 0x00000006e7c00000| Untracked |  0
| 397|0x00000006e8000000, 0x00000006e8400000, 0x00000006e8400000|100%|HS|  |TAMS 0x00000006e8000000| PB 0x00000006e8000000| Untracked |  0
| 398|0x00000006e8400000, 0x00000006e8800000, 0x00000006e8800000|100%|HC|  |TAMS 0x00000006e8400000| PB 0x00000006e8400000| Untracked |  0
| 399|0x00000006e8800000, 0x00000006e8c00000, 0x00000006e8c00000|100%|HS|  |TAMS 0x00000006e8800000| PB 0x00000006e8800000| Untracked |  0
| 400|0x00000006e8c00000, 0x00000006e9000000, 0x00000006e9000000|100%|HC|  |TAMS 0x00000006e8c00000| PB 0x00000006e8c00000| Untracked |  0
| 401|0x00000006e9000000, 0x00000006e9400000, 0x00000006e9400000|100%|HS|  |TAMS 0x00000006e9000000| PB 0x00000006e9000000| Untracked |  0
| 402|0x00000006e9400000, 0x00000006e9800000, 0x00000006e9800000|100%|HC|  |TAMS 0x00000006e9400000| PB 0x00000006e9400000| Untracked |  0
| 403|0x00000006e9800000, 0x00000006e9c00000, 0x00000006e9c00000|100%|HS|  |TAMS 0x00000006e9800000| PB 0x00000006e9800000| Untracked |  0
| 404|0x00000006e9c00000, 0x00000006ea000000, 0x00000006ea000000|100%|HC|  |TAMS 0x00000006e9c00000| PB 0x00000006e9c00000| Untracked |  0
| 405|0x00000006ea000000, 0x00000006ea400000, 0x00000006ea400000|100%|HS|  |TAMS 0x00000006ea000000| PB 0x00000006ea000000| Untracked |  0
| 406|0x00000006ea400000, 0x00000006ea800000, 0x00000006ea800000|100%|HC|  |TAMS 0x00000006ea400000| PB 0x00000006ea400000| Untracked |  0
| 407|0x00000006ea800000, 0x00000006eac00000, 0x00000006eac00000|100%|HS|  |TAMS 0x00000006ea800000| PB 0x00000006ea800000| Untracked |  0
| 408|0x00000006eac00000, 0x00000006eb000000, 0x00000006eb000000|100%|HC|  |TAMS 0x00000006eac00000| PB 0x00000006eac00000| Untracked |  0
| 409|0x00000006eb000000, 0x00000006eb400000, 0x00000006eb400000|100%|HS|  |TAMS 0x00000006eb000000| PB 0x00000006eb000000| Untracked |  0
| 410|0x00000006eb400000, 0x00000006eb800000, 0x00000006eb800000|100%|HC|  |TAMS 0x00000006eb400000| PB 0x00000006eb400000| Untracked |  0
| 411|0x00000006eb800000, 0x00000006ebc00000, 0x00000006ebc00000|100%|HS|  |TAMS 0x00000006eb800000| PB 0x00000006eb800000| Untracked |  0
| 412|0x00000006ebc00000, 0x00000006ec000000, 0x00000006ec000000|100%|HC|  |TAMS 0x00000006ebc00000| PB 0x00000006ebc00000| Untracked |  0
| 413|0x00000006ec000000, 0x00000006ec400000, 0x00000006ec400000|100%|HS|  |TAMS 0x00000006ec000000| PB 0x00000006ec000000| Untracked |  0
| 414|0x00000006ec400000, 0x00000006ec800000, 0x00000006ec800000|100%|HC|  |TAMS 0x00000006ec400000| PB 0x00000006ec400000| Untracked |  0
| 415|0x00000006ec800000, 0x00000006ecc00000, 0x00000006ecc00000|100%|HS|  |TAMS 0x00000006ec800000| PB 0x00000006ec800000| Untracked |  0
| 416|0x00000006ecc00000, 0x00000006ed000000, 0x00000006ed000000|100%|HC|  |TAMS 0x00000006ecc00000| PB 0x00000006ecc00000| Untracked |  0
| 417|0x00000006ed000000, 0x00000006ed400000, 0x00000006ed400000|100%|HS|  |TAMS 0x00000006ed000000| PB 0x00000006ed000000| Untracked |  0
| 418|0x00000006ed400000, 0x00000006ed800000, 0x00000006ed800000|100%|HC|  |TAMS 0x00000006ed400000| PB 0x00000006ed400000| Untracked |  0
| 419|0x00000006ed800000, 0x00000006edc00000, 0x00000006edc00000|100%|HS|  |TAMS 0x00000006ed800000| PB 0x00000006ed800000| Untracked |  0
| 420|0x00000006edc00000, 0x00000006ee000000, 0x00000006ee000000|100%|HC|  |TAMS 0x00000006edc00000| PB 0x00000006edc00000| Untracked |  0
| 421|0x00000006ee000000, 0x00000006ee400000, 0x00000006ee400000|100%|HS|  |TAMS 0x00000006ee000000| PB 0x00000006ee000000| Untracked |  0
| 422|0x00000006ee400000, 0x00000006ee800000, 0x00000006ee800000|100%|HC|  |TAMS 0x00000006ee400000| PB 0x00000006ee400000| Untracked |  0
| 423|0x00000006ee800000, 0x00000006eec00000, 0x00000006eec00000|100%|HS|  |TAMS 0x00000006ee800000| PB 0x00000006ee800000| Untracked |  0
| 424|0x00000006eec00000, 0x00000006ef000000, 0x00000006ef000000|100%|HC|  |TAMS 0x00000006eec00000| PB 0x00000006eec00000| Untracked |  0
| 425|0x00000006ef000000, 0x00000006ef400000, 0x00000006ef400000|100%|HS|  |TAMS 0x00000006ef000000| PB 0x00000006ef000000| Untracked |  0
| 426|0x00000006ef400000, 0x00000006ef800000, 0x00000006ef800000|100%|HC|  |TAMS 0x00000006ef400000| PB 0x00000006ef400000| Untracked |  0
| 427|0x00000006ef800000, 0x00000006efc00000, 0x00000006efc00000|100%|HS|  |TAMS 0x00000006ef800000| PB 0x00000006ef800000| Untracked |  0
| 428|0x00000006efc00000, 0x00000006f0000000, 0x00000006f0000000|100%|HC|  |TAMS 0x00000006efc00000| PB 0x00000006efc00000| Untracked |  0
| 429|0x00000006f0000000, 0x00000006f0400000, 0x00000006f0400000|100%|HS|  |TAMS 0x00000006f0000000| PB 0x00000006f0000000| Untracked |  0
| 430|0x00000006f0400000, 0x00000006f0800000, 0x00000006f0800000|100%|HC|  |TAMS 0x00000006f0400000| PB 0x00000006f0400000| Untracked |  0
| 431|0x00000006f0800000, 0x00000006f0c00000, 0x00000006f0c00000|100%|HS|  |TAMS 0x00000006f0800000| PB 0x00000006f0800000| Untracked |  0
| 432|0x00000006f0c00000, 0x00000006f1000000, 0x00000006f1000000|100%|HC|  |TAMS 0x00000006f0c00000| PB 0x00000006f0c00000| Untracked |  0
| 433|0x00000006f1000000, 0x00000006f1400000, 0x00000006f1400000|100%|HS|  |TAMS 0x00000006f1000000| PB 0x00000006f1000000| Untracked |  0
| 434|0x00000006f1400000, 0x00000006f1800000, 0x00000006f1800000|100%|HC|  |TAMS 0x00000006f1400000| PB 0x00000006f1400000| Untracked |  0
| 435|0x00000006f1800000, 0x00000006f1c00000, 0x00000006f1c00000|100%|HS|  |TAMS 0x00000006f1800000| PB 0x00000006f1800000| Untracked |  0
| 436|0x00000006f1c00000, 0x00000006f2000000, 0x00000006f2000000|100%|HC|  |TAMS 0x00000006f1c00000| PB 0x00000006f1c00000| Untracked |  0
| 437|0x00000006f2000000, 0x00000006f2400000, 0x00000006f2400000|100%|HS|  |TAMS 0x00000006f2000000| PB 0x00000006f2000000| Untracked |  0
| 438|0x00000006f2400000, 0x00000006f2800000, 0x00000006f2800000|100%|HC|  |TAMS 0x00000006f2400000| PB 0x00000006f2400000| Untracked |  0
| 439|0x00000006f2800000, 0x00000006f2c00000, 0x00000006f2c00000|100%|HS|  |TAMS 0x00000006f2800000| PB 0x00000006f2800000| Untracked |  0
| 440|0x00000006f2c00000, 0x00000006f3000000, 0x00000006f3000000|100%|HC|  |TAMS 0x00000006f2c00000| PB 0x00000006f2c00000| Untracked |  0
| 441|0x00000006f3000000, 0x00000006f3400000, 0x00000006f3400000|100%|HS|  |TAMS 0x00000006f3000000| PB 0x00000006f3000000| Untracked |  0
| 442|0x00000006f3400000, 0x00000006f3800000, 0x00000006f3800000|100%|HC|  |TAMS 0x00000006f3400000| PB 0x00000006f3400000| Untracked |  0
| 443|0x00000006f3800000, 0x00000006f3c00000, 0x00000006f3c00000|100%|HS|  |TAMS 0x00000006f3800000| PB 0x00000006f3800000| Untracked |  0
| 444|0x00000006f3c00000, 0x00000006f4000000, 0x00000006f4000000|100%|HC|  |TAMS 0x00000006f3c00000| PB 0x00000006f3c00000| Untracked |  0
| 445|0x00000006f4000000, 0x00000006f4400000, 0x00000006f4400000|100%|HS|  |TAMS 0x00000006f4000000| PB 0x00000006f4000000| Untracked |  0
| 446|0x00000006f4400000, 0x00000006f4800000, 0x00000006f4800000|100%|HC|  |TAMS 0x00000006f4400000| PB 0x00000006f4400000| Untracked |  0
| 447|0x00000006f4800000, 0x00000006f4c00000, 0x00000006f4c00000|100%|HS|  |TAMS 0x00000006f4800000| PB 0x00000006f4800000| Untracked |  0
| 448|0x00000006f4c00000, 0x00000006f5000000, 0x00000006f5000000|100%|HC|  |TAMS 0x00000006f4c00000| PB 0x00000006f4c00000| Untracked |  0
| 449|0x00000006f5000000, 0x00000006f5400000, 0x00000006f5400000|100%|HS|  |TAMS 0x00000006f5000000| PB 0x00000006f5000000| Untracked |  0
| 450|0x00000006f5400000, 0x00000006f5800000, 0x00000006f5800000|100%|HC|  |TAMS 0x00000006f5400000| PB 0x00000006f5400000| Untracked |  0
| 451|0x00000006f5800000, 0x00000006f5c00000, 0x00000006f5c00000|100%|HS|  |TAMS 0x00000006f5800000| PB 0x00000006f5800000| Untracked |  0
| 452|0x00000006f5c00000, 0x00000006f6000000, 0x00000006f6000000|100%|HC|  |TAMS 0x00000006f5c00000| PB 0x00000006f5c00000| Untracked |  0
| 453|0x00000006f6000000, 0x00000006f6400000, 0x00000006f6400000|100%|HS|  |TAMS 0x00000006f6000000| PB 0x00000006f6000000| Untracked |  0
| 454|0x00000006f6400000, 0x00000006f6800000, 0x00000006f6800000|100%|HC|  |TAMS 0x00000006f6400000| PB 0x00000006f6400000| Untracked |  0
| 455|0x00000006f6800000, 0x00000006f6c00000, 0x00000006f6c00000|100%|HS|  |TAMS 0x00000006f6800000| PB 0x00000006f6800000| Untracked |  0
| 456|0x00000006f6c00000, 0x00000006f7000000, 0x00000006f7000000|100%|HC|  |TAMS 0x00000006f6c00000| PB 0x00000006f6c00000| Untracked |  0
| 457|0x00000006f7000000, 0x00000006f7400000, 0x00000006f7400000|100%|HS|  |TAMS 0x00000006f7000000| PB 0x00000006f7000000| Untracked |  0
| 458|0x00000006f7400000, 0x00000006f7800000, 0x00000006f7800000|100%|HC|  |TAMS 0x00000006f7400000| PB 0x00000006f7400000| Untracked |  0
| 459|0x00000006f7800000, 0x00000006f7c00000, 0x00000006f7c00000|100%|HS|  |TAMS 0x00000006f7800000| PB 0x00000006f7800000| Untracked |  0
| 460|0x00000006f7c00000, 0x00000006f8000000, 0x00000006f8000000|100%|HC|  |TAMS 0x00000006f7c00000| PB 0x00000006f7c00000| Untracked |  0
| 461|0x00000006f8000000, 0x00000006f8400000, 0x00000006f8400000|100%|HS|  |TAMS 0x00000006f8000000| PB 0x00000006f8000000| Untracked |  0
| 462|0x00000006f8400000, 0x00000006f8800000, 0x00000006f8800000|100%|HC|  |TAMS 0x00000006f8400000| PB 0x00000006f8400000| Untracked |  0
| 463|0x00000006f8800000, 0x00000006f8c00000, 0x00000006f8c00000|100%|HS|  |TAMS 0x00000006f8800000| PB 0x00000006f8800000| Untracked |  0
| 464|0x00000006f8c00000, 0x00000006f9000000, 0x00000006f9000000|100%|HC|  |TAMS 0x00000006f8c00000| PB 0x00000006f8c00000| Untracked |  0
| 465|0x00000006f9000000, 0x00000006f9400000, 0x00000006f9400000|100%|HS|  |TAMS 0x00000006f9000000| PB 0x00000006f9000000| Untracked |  0
| 466|0x00000006f9400000, 0x00000006f9800000, 0x00000006f9800000|100%|HC|  |TAMS 0x00000006f9400000| PB 0x00000006f9400000| Untracked |  0
| 467|0x00000006f9800000, 0x00000006f9c00000, 0x00000006f9c00000|100%|HS|  |TAMS 0x00000006f9800000| PB 0x00000006f9800000| Untracked |  0
| 468|0x00000006f9c00000, 0x00000006fa000000, 0x00000006fa000000|100%|HC|  |TAMS 0x00000006f9c00000| PB 0x00000006f9c00000| Untracked |  0
| 469|0x00000006fa000000, 0x00000006fa3ffff8, 0x00000006fa400000| 99%| O|  |TAMS 0x00000006fa000000| PB 0x00000006fa000000| Untracked |  0
| 470|0x00000006fa400000, 0x00000006fa800000, 0x00000006fa800000|100%|HS|  |TAMS 0x00000006fa400000| PB 0x00000006fa400000| Untracked |  0
| 471|0x00000006fa800000, 0x00000006fac00000, 0x00000006fac00000|100%|HC|  |TAMS 0x00000006fa800000| PB 0x00000006fa800000| Untracked |  0
| 472|0x00000006fac00000, 0x00000006fb000000, 0x00000006fb000000|100%|HS|  |TAMS 0x00000006fac00000| PB 0x00000006fac00000| Untracked |  0
| 473|0x00000006fb000000, 0x00000006fb400000, 0x00000006fb400000|100%|HC|  |TAMS 0x00000006fb000000| PB 0x00000006fb000000| Untracked |  0
| 474|0x00000006fb400000, 0x00000006fb800000, 0x00000006fb800000|100%|HS|  |TAMS 0x00000006fb400000| PB 0x00000006fb400000| Untracked |  0
| 475|0x00000006fb800000, 0x00000006fbc00000, 0x00000006fbc00000|100%|HC|  |TAMS 0x00000006fb800000| PB 0x00000006fb800000| Untracked |  0
| 476|0x00000006fbc00000, 0x00000006fc000000, 0x00000006fc000000|100%|HS|  |TAMS 0x00000006fbc00000| PB 0x00000006fbc00000| Untracked |  0
| 477|0x00000006fc000000, 0x00000006fc400000, 0x00000006fc400000|100%|HC|  |TAMS 0x00000006fc000000| PB 0x00000006fc000000| Untracked |  0
| 478|0x00000006fc400000, 0x00000006fc800000, 0x00000006fc800000|100%|HS|  |TAMS 0x00000006fc400000| PB 0x00000006fc400000| Untracked |  0
| 479|0x00000006fc800000, 0x00000006fcc00000, 0x00000006fcc00000|100%|HC|  |TAMS 0x00000006fc800000| PB 0x00000006fc800000| Untracked |  0
| 480|0x00000006fcc00000, 0x00000006fd000000, 0x00000006fd000000|100%|HS|  |TAMS 0x00000006fcc00000| PB 0x00000006fcc00000| Untracked |  0
| 481|0x00000006fd000000, 0x00000006fd400000, 0x00000006fd400000|100%|HC|  |TAMS 0x00000006fd000000| PB 0x00000006fd000000| Untracked |  0
| 482|0x00000006fd400000, 0x00000006fd800000, 0x00000006fd800000|100%|HS|  |TAMS 0x00000006fd400000| PB 0x00000006fd400000| Untracked |  0
| 483|0x00000006fd800000, 0x00000006fdc00000, 0x00000006fdc00000|100%|HC|  |TAMS 0x00000006fd800000| PB 0x00000006fd800000| Untracked |  0
| 484|0x00000006fdc00000, 0x00000006fe000000, 0x00000006fe000000|100%|HS|  |TAMS 0x00000006fdc00000| PB 0x00000006fdc00000| Untracked |  0
| 485|0x00000006fe000000, 0x00000006fe400000, 0x00000006fe400000|100%|HC|  |TAMS 0x00000006fe000000| PB 0x00000006fe000000| Untracked |  0
| 486|0x00000006fe400000, 0x00000006fe800000, 0x00000006fe800000|100%|HS|  |TAMS 0x00000006fe400000| PB 0x00000006fe400000| Untracked |  0
| 487|0x00000006fe800000, 0x00000006fec00000, 0x00000006fec00000|100%|HC|  |TAMS 0x00000006fe800000| PB 0x00000006fe800000| Untracked |  0
| 488|0x00000006fec00000, 0x00000006ff000000, 0x00000006ff000000|100%|HS|  |TAMS 0x00000006fec00000| PB 0x00000006fec00000| Untracked |  0
| 489|0x00000006ff000000, 0x00000006ff400000, 0x00000006ff400000|100%|HC|  |TAMS 0x00000006ff000000| PB 0x00000006ff000000| Untracked |  0
| 490|0x00000006ff400000, 0x00000006ff800000, 0x00000006ff800000|100%|HS|  |TAMS 0x00000006ff400000| PB 0x00000006ff400000| Untracked |  0
| 491|0x00000006ff800000, 0x00000006ffc00000, 0x00000006ffc00000|100%|HC|  |TAMS 0x00000006ff800000| PB 0x00000006ff800000| Untracked |  0
| 492|0x00000006ffc00000, 0x0000000700000000, 0x0000000700000000|100%|HS|  |TAMS 0x00000006ffc00000| PB 0x00000006ffc00000| Untracked |  0
| 493|0x0000000700000000, 0x0000000700400000, 0x0000000700400000|100%|HC|  |TAMS 0x0000000700000000| PB 0x0000000700000000| Untracked |  0
| 494|0x0000000700400000, 0x0000000700800000, 0x0000000700800000|100%|HS|  |TAMS 0x0000000700400000| PB 0x0000000700400000| Untracked |  0
| 495|0x0000000700800000, 0x0000000700c00000, 0x0000000700c00000|100%|HC|  |TAMS 0x0000000700800000| PB 0x0000000700800000| Untracked |  0
| 496|0x0000000700c00000, 0x0000000701000000, 0x0000000701000000|100%|HS|  |TAMS 0x0000000700c00000| PB 0x0000000700c00000| Untracked |  0
| 497|0x0000000701000000, 0x0000000701400000, 0x0000000701400000|100%|HC|  |TAMS 0x0000000701000000| PB 0x0000000701000000| Untracked |  0
| 498|0x0000000701400000, 0x0000000701800000, 0x0000000701800000|100%|HS|  |TAMS 0x0000000701400000| PB 0x0000000701400000| Untracked |  0
| 499|0x0000000701800000, 0x0000000701c00000, 0x0000000701c00000|100%|HC|  |TAMS 0x0000000701800000| PB 0x0000000701800000| Untracked |  0
| 500|0x0000000701c00000, 0x0000000702000000, 0x0000000702000000|100%|HS|  |TAMS 0x0000000701c00000| PB 0x0000000701c00000| Untracked |  0
| 501|0x0000000702000000, 0x0000000702400000, 0x0000000702400000|100%|HC|  |TAMS 0x0000000702000000| PB 0x0000000702000000| Untracked |  0
| 502|0x0000000702400000, 0x0000000702800000, 0x0000000702800000|100%|HS|  |TAMS 0x0000000702400000| PB 0x0000000702400000| Untracked |  0
| 503|0x0000000702800000, 0x0000000702c00000, 0x0000000702c00000|100%|HC|  |TAMS 0x0000000702800000| PB 0x0000000702800000| Untracked |  0
| 504|0x0000000702c00000, 0x0000000703000000, 0x0000000703000000|100%|HS|  |TAMS 0x0000000702c00000| PB 0x0000000702c00000| Untracked |  0
| 505|0x0000000703000000, 0x0000000703400000, 0x0000000703400000|100%|HC|  |TAMS 0x0000000703000000| PB 0x0000000703000000| Untracked |  0
| 506|0x0000000703400000, 0x0000000703800000, 0x0000000703800000|100%|HS|  |TAMS 0x0000000703400000| PB 0x0000000703400000| Untracked |  0
| 507|0x0000000703800000, 0x0000000703c00000, 0x0000000703c00000|100%|HC|  |TAMS 0x0000000703800000| PB 0x0000000703800000| Untracked |  0
| 508|0x0000000703c00000, 0x0000000704000000, 0x0000000704000000|100%|HS|  |TAMS 0x0000000703c00000| PB 0x0000000703c00000| Untracked |  0
| 509|0x0000000704000000, 0x0000000704400000, 0x0000000704400000|100%|HC|  |TAMS 0x0000000704000000| PB 0x0000000704000000| Untracked |  0
| 510|0x0000000704400000, 0x0000000704800000, 0x0000000704800000|100%|HS|  |TAMS 0x0000000704400000| PB 0x0000000704400000| Untracked |  0
| 511|0x0000000704800000, 0x0000000704c00000, 0x0000000704c00000|100%|HC|  |TAMS 0x0000000704800000| PB 0x0000000704800000| Untracked |  0
| 512|0x0000000704c00000, 0x0000000705000000, 0x0000000705000000|100%|HS|  |TAMS 0x0000000704c00000| PB 0x0000000704c00000| Untracked |  0
| 513|0x0000000705000000, 0x0000000705400000, 0x0000000705400000|100%|HC|  |TAMS 0x0000000705000000| PB 0x0000000705000000| Untracked |  0
| 514|0x0000000705400000, 0x0000000705800000, 0x0000000705800000|100%|HS|  |TAMS 0x0000000705400000| PB 0x0000000705400000| Untracked |  0
| 515|0x0000000705800000, 0x0000000705c00000, 0x0000000705c00000|100%|HC|  |TAMS 0x0000000705800000| PB 0x0000000705800000| Untracked |  0
| 516|0x0000000705c00000, 0x0000000706000000, 0x0000000706000000|100%|HS|  |TAMS 0x0000000705c00000| PB 0x0000000705c00000| Untracked |  0
| 517|0x0000000706000000, 0x0000000706400000, 0x0000000706400000|100%|HC|  |TAMS 0x0000000706000000| PB 0x0000000706000000| Untracked |  0
| 518|0x0000000706400000, 0x0000000706800000, 0x0000000706800000|100%|HS|  |TAMS 0x0000000706400000| PB 0x0000000706400000| Untracked |  0
| 519|0x0000000706800000, 0x0000000706c00000, 0x0000000706c00000|100%|HC|  |TAMS 0x0000000706800000| PB 0x0000000706800000| Untracked |  0
| 520|0x0000000706c00000, 0x0000000707000000, 0x0000000707000000|100%|HS|  |TAMS 0x0000000706c00000| PB 0x0000000706c00000| Untracked |  0
| 521|0x0000000707000000, 0x0000000707400000, 0x0000000707400000|100%|HC|  |TAMS 0x0000000707000000| PB 0x0000000707000000| Untracked |  0
| 522|0x0000000707400000, 0x0000000707800000, 0x0000000707800000|100%|HS|  |TAMS 0x0000000707400000| PB 0x0000000707400000| Untracked |  0
| 523|0x0000000707800000, 0x0000000707c00000, 0x0000000707c00000|100%|HC|  |TAMS 0x0000000707800000| PB 0x0000000707800000| Untracked |  0
| 524|0x0000000707c00000, 0x0000000708000000, 0x0000000708000000|100%|HS|  |TAMS 0x0000000707c00000| PB 0x0000000707c00000| Untracked |  0
| 525|0x0000000708000000, 0x0000000708400000, 0x0000000708400000|100%|HC|  |TAMS 0x0000000708000000| PB 0x0000000708000000| Untracked |  0
| 526|0x0000000708400000, 0x0000000708800000, 0x0000000708800000|100%|HS|  |TAMS 0x0000000708400000| PB 0x0000000708400000| Untracked |  0
| 527|0x0000000708800000, 0x0000000708c00000, 0x0000000708c00000|100%|HC|  |TAMS 0x0000000708800000| PB 0x0000000708800000| Untracked |  0
| 528|0x0000000708c00000, 0x0000000709000000, 0x0000000709000000|100%|HS|  |TAMS 0x0000000708c00000| PB 0x0000000708c00000| Untracked |  0
| 529|0x0000000709000000, 0x0000000709400000, 0x0000000709400000|100%|HC|  |TAMS 0x0000000709000000| PB 0x0000000709000000| Untracked |  0
| 530|0x0000000709400000, 0x0000000709800000, 0x0000000709800000|100%|HS|  |TAMS 0x0000000709400000| PB 0x0000000709400000| Untracked |  0
| 531|0x0000000709800000, 0x0000000709c00000, 0x0000000709c00000|100%|HC|  |TAMS 0x0000000709800000| PB 0x0000000709800000| Untracked |  0
| 532|0x0000000709c00000, 0x000000070a000000, 0x000000070a000000|100%|HS|  |TAMS 0x0000000709c00000| PB 0x0000000709c00000| Untracked |  0
| 533|0x000000070a000000, 0x000000070a400000, 0x000000070a400000|100%|HC|  |TAMS 0x000000070a000000| PB 0x000000070a000000| Untracked |  0
| 534|0x000000070a400000, 0x000000070a800000, 0x000000070a800000|100%|HS|  |TAMS 0x000000070a400000| PB 0x000000070a400000| Untracked |  0
| 535|0x000000070a800000, 0x000000070ac00000, 0x000000070ac00000|100%|HC|  |TAMS 0x000000070a800000| PB 0x000000070a800000| Untracked |  0
| 536|0x000000070ac00000, 0x000000070b000000, 0x000000070b000000|100%|HS|  |TAMS 0x000000070ac00000| PB 0x000000070ac00000| Untracked |  0
| 537|0x000000070b000000, 0x000000070b400000, 0x000000070b400000|100%|HC|  |TAMS 0x000000070b000000| PB 0x000000070b000000| Untracked |  0
| 538|0x000000070b400000, 0x000000070b800000, 0x000000070b800000|100%|HS|  |TAMS 0x000000070b400000| PB 0x000000070b400000| Untracked |  0
| 539|0x000000070b800000, 0x000000070bc00000, 0x000000070bc00000|100%|HC|  |TAMS 0x000000070b800000| PB 0x000000070b800000| Untracked |  0
| 540|0x000000070bc00000, 0x000000070c000000, 0x000000070c000000|100%|HS|  |TAMS 0x000000070bc00000| PB 0x000000070bc00000| Untracked |  0
| 541|0x000000070c000000, 0x000000070c400000, 0x000000070c400000|100%|HC|  |TAMS 0x000000070c000000| PB 0x000000070c000000| Untracked |  0
| 542|0x000000070c400000, 0x000000070c800000, 0x000000070c800000|100%|HS|  |TAMS 0x000000070c400000| PB 0x000000070c400000| Untracked |  0
| 543|0x000000070c800000, 0x000000070cc00000, 0x000000070cc00000|100%|HC|  |TAMS 0x000000070c800000| PB 0x000000070c800000| Untracked |  0
| 544|0x000000070cc00000, 0x000000070d000000, 0x000000070d000000|100%|HS|  |TAMS 0x000000070cc00000| PB 0x000000070cc00000| Untracked |  0
| 545|0x000000070d000000, 0x000000070d400000, 0x000000070d400000|100%|HC|  |TAMS 0x000000070d000000| PB 0x000000070d000000| Untracked |  0
| 546|0x000000070d400000, 0x000000070d800000, 0x000000070d800000|100%|HS|  |TAMS 0x000000070d400000| PB 0x000000070d400000| Untracked |  0
| 547|0x000000070d800000, 0x000000070dc00000, 0x000000070dc00000|100%|HC|  |TAMS 0x000000070d800000| PB 0x000000070d800000| Untracked |  0
| 548|0x000000070dc00000, 0x000000070e000000, 0x000000070e000000|100%|HS|  |TAMS 0x000000070dc00000| PB 0x000000070dc00000| Untracked |  0
| 549|0x000000070e000000, 0x000000070e400000, 0x000000070e400000|100%|HC|  |TAMS 0x000000070e000000| PB 0x000000070e000000| Untracked |  0
| 550|0x000000070e400000, 0x000000070e800000, 0x000000070e800000|100%|HS|  |TAMS 0x000000070e400000| PB 0x000000070e400000| Untracked |  0
| 551|0x000000070e800000, 0x000000070ec00000, 0x000000070ec00000|100%|HC|  |TAMS 0x000000070e800000| PB 0x000000070e800000| Untracked |  0
| 552|0x000000070ec00000, 0x000000070f000000, 0x000000070f000000|100%|HS|  |TAMS 0x000000070ec00000| PB 0x000000070ec00000| Untracked |  0
| 553|0x000000070f000000, 0x000000070f400000, 0x000000070f400000|100%|HC|  |TAMS 0x000000070f000000| PB 0x000000070f000000| Untracked |  0
| 554|0x000000070f400000, 0x000000070f800000, 0x000000070f800000|100%|HS|  |TAMS 0x000000070f400000| PB 0x000000070f400000| Untracked |  0
| 555|0x000000070f800000, 0x000000070fc00000, 0x000000070fc00000|100%|HC|  |TAMS 0x000000070f800000| PB 0x000000070f800000| Untracked |  0
| 556|0x000000070fc00000, 0x0000000710000000, 0x0000000710000000|100%|HS|  |TAMS 0x000000070fc00000| PB 0x000000070fc00000| Untracked |  0
| 557|0x0000000710000000, 0x0000000710400000, 0x0000000710400000|100%|HC|  |TAMS 0x0000000710000000| PB 0x0000000710000000| Untracked |  0
| 558|0x0000000710400000, 0x0000000710800000, 0x0000000710800000|100%|HS|  |TAMS 0x0000000710400000| PB 0x0000000710400000| Untracked |  0
| 559|0x0000000710800000, 0x0000000710c00000, 0x0000000710c00000|100%|HC|  |TAMS 0x0000000710800000| PB 0x0000000710800000| Untracked |  0
| 560|0x0000000710c00000, 0x0000000711000000, 0x0000000711000000|100%|HS|  |TAMS 0x0000000710c00000| PB 0x0000000710c00000| Untracked |  0
| 561|0x0000000711000000, 0x0000000711400000, 0x0000000711400000|100%|HC|  |TAMS 0x0000000711000000| PB 0x0000000711000000| Untracked |  0
| 562|0x0000000711400000, 0x0000000711800000, 0x0000000711800000|100%|HS|  |TAMS 0x0000000711400000| PB 0x0000000711400000| Untracked |  0
| 563|0x0000000711800000, 0x0000000711c00000, 0x0000000711c00000|100%|HC|  |TAMS 0x0000000711800000| PB 0x0000000711800000| Untracked |  0
| 564|0x0000000711c00000, 0x0000000712000000, 0x0000000712000000|100%|HS|  |TAMS 0x0000000711c00000| PB 0x0000000711c00000| Untracked |  0
| 565|0x0000000712000000, 0x0000000712400000, 0x0000000712400000|100%|HC|  |TAMS 0x0000000712000000| PB 0x0000000712000000| Untracked |  0
| 566|0x0000000712400000, 0x0000000712800000, 0x0000000712800000|100%|HS|  |TAMS 0x0000000712400000| PB 0x0000000712400000| Untracked |  0
| 567|0x0000000712800000, 0x0000000712c00000, 0x0000000712c00000|100%|HC|  |TAMS 0x0000000712800000| PB 0x0000000712800000| Untracked |  0
| 568|0x0000000712c00000, 0x0000000713000000, 0x0000000713000000|100%|HS|  |TAMS 0x0000000712c00000| PB 0x0000000712c00000| Untracked |  0
| 569|0x0000000713000000, 0x0000000713400000, 0x0000000713400000|100%|HC|  |TAMS 0x0000000713000000| PB 0x0000000713000000| Untracked |  0
| 570|0x0000000713400000, 0x0000000713800000, 0x0000000713800000|100%|HS|  |TAMS 0x0000000713400000| PB 0x0000000713400000| Untracked |  0
| 571|0x0000000713800000, 0x0000000713c00000, 0x0000000713c00000|100%|HC|  |TAMS 0x0000000713800000| PB 0x0000000713800000| Untracked |  0
| 572|0x0000000713c00000, 0x0000000714000000, 0x0000000714000000|100%|HS|  |TAMS 0x0000000713c00000| PB 0x0000000713c00000| Untracked |  0
| 573|0x0000000714000000, 0x0000000714400000, 0x0000000714400000|100%|HC|  |TAMS 0x0000000714000000| PB 0x0000000714000000| Untracked |  0
| 574|0x0000000714400000, 0x0000000714800000, 0x0000000714800000|100%|HS|  |TAMS 0x0000000714400000| PB 0x0000000714400000| Untracked |  0
| 575|0x0000000714800000, 0x0000000714c00000, 0x0000000714c00000|100%|HC|  |TAMS 0x0000000714800000| PB 0x0000000714800000| Untracked |  0
| 576|0x0000000714c00000, 0x0000000715000000, 0x0000000715000000|100%|HS|  |TAMS 0x0000000714c00000| PB 0x0000000714c00000| Untracked |  0
| 577|0x0000000715000000, 0x0000000715400000, 0x0000000715400000|100%|HC|  |TAMS 0x0000000715000000| PB 0x0000000715000000| Untracked |  0
| 578|0x0000000715400000, 0x0000000715800000, 0x0000000715800000|100%|HS|  |TAMS 0x0000000715400000| PB 0x0000000715400000| Untracked |  0
| 579|0x0000000715800000, 0x0000000715c00000, 0x0000000715c00000|100%|HC|  |TAMS 0x0000000715800000| PB 0x0000000715800000| Untracked |  0
| 580|0x0000000715c00000, 0x0000000716000000, 0x0000000716000000|100%|HS|  |TAMS 0x0000000715c00000| PB 0x0000000715c00000| Untracked |  0
| 581|0x0000000716000000, 0x0000000716400000, 0x0000000716400000|100%|HC|  |TAMS 0x0000000716000000| PB 0x0000000716000000| Untracked |  0
| 582|0x0000000716400000, 0x0000000716800000, 0x0000000716800000|100%|HS|  |TAMS 0x0000000716400000| PB 0x0000000716400000| Untracked |  0
| 583|0x0000000716800000, 0x0000000716c00000, 0x0000000716c00000|100%|HC|  |TAMS 0x0000000716800000| PB 0x0000000716800000| Untracked |  0
| 584|0x0000000716c00000, 0x0000000717000000, 0x0000000717000000|100%|HS|  |TAMS 0x0000000716c00000| PB 0x0000000716c00000| Untracked |  0
| 585|0x0000000717000000, 0x0000000717400000, 0x0000000717400000|100%|HC|  |TAMS 0x0000000717000000| PB 0x0000000717000000| Untracked |  0
| 586|0x0000000717400000, 0x0000000717800000, 0x0000000717800000|100%|HS|  |TAMS 0x0000000717400000| PB 0x0000000717400000| Untracked |  0
| 587|0x0000000717800000, 0x0000000717c00000, 0x0000000717c00000|100%|HC|  |TAMS 0x0000000717800000| PB 0x0000000717800000| Untracked |  0
| 588|0x0000000717c00000, 0x0000000718000000, 0x0000000718000000|100%|HS|  |TAMS 0x0000000717c00000| PB 0x0000000717c00000| Untracked |  0
| 589|0x0000000718000000, 0x0000000718400000, 0x0000000718400000|100%|HC|  |TAMS 0x0000000718000000| PB 0x0000000718000000| Untracked |  0
| 590|0x0000000718400000, 0x0000000718800000, 0x0000000718800000|100%|HS|  |TAMS 0x0000000718400000| PB 0x0000000718400000| Untracked |  0
| 591|0x0000000718800000, 0x0000000718c00000, 0x0000000718c00000|100%|HC|  |TAMS 0x0000000718800000| PB 0x0000000718800000| Untracked |  0
| 592|0x0000000718c00000, 0x0000000719000000, 0x0000000719000000|100%|HS|  |TAMS 0x0000000718c00000| PB 0x0000000718c00000| Untracked |  0
| 593|0x0000000719000000, 0x0000000719400000, 0x0000000719400000|100%|HC|  |TAMS 0x0000000719000000| PB 0x0000000719000000| Untracked |  0
| 594|0x0000000719400000, 0x0000000719800000, 0x0000000719800000|100%|HS|  |TAMS 0x0000000719400000| PB 0x0000000719400000| Untracked |  0
| 595|0x0000000719800000, 0x0000000719c00000, 0x0000000719c00000|100%|HC|  |TAMS 0x0000000719800000| PB 0x0000000719800000| Untracked |  0
| 596|0x0000000719c00000, 0x000000071a000000, 0x000000071a000000|100%|HS|  |TAMS 0x0000000719c00000| PB 0x0000000719c00000| Untracked |  0
| 597|0x000000071a000000, 0x000000071a400000, 0x000000071a400000|100%|HC|  |TAMS 0x000000071a000000| PB 0x000000071a000000| Untracked |  0
| 598|0x000000071a400000, 0x000000071a800000, 0x000000071a800000|100%|HS|  |TAMS 0x000000071a400000| PB 0x000000071a400000| Untracked |  0
| 599|0x000000071a800000, 0x000000071ac00000, 0x000000071ac00000|100%|HC|  |TAMS 0x000000071a800000| PB 0x000000071a800000| Untracked |  0
| 600|0x000000071ac00000, 0x000000071b000000, 0x000000071b000000|100%|HS|  |TAMS 0x000000071ac00000| PB 0x000000071ac00000| Untracked |  0
| 601|0x000000071b000000, 0x000000071b400000, 0x000000071b400000|100%|HC|  |TAMS 0x000000071b000000| PB 0x000000071b000000| Untracked |  0
| 602|0x000000071b400000, 0x000000071b800000, 0x000000071b800000|100%|HS|  |TAMS 0x000000071b400000| PB 0x000000071b400000| Untracked |  0
| 603|0x000000071b800000, 0x000000071bc00000, 0x000000071bc00000|100%|HC|  |TAMS 0x000000071b800000| PB 0x000000071b800000| Untracked |  0
| 604|0x000000071bc00000, 0x000000071c000000, 0x000000071c000000|100%|HS|  |TAMS 0x000000071bc00000| PB 0x000000071bc00000| Untracked |  0
| 605|0x000000071c000000, 0x000000071c400000, 0x000000071c400000|100%|HC|  |TAMS 0x000000071c000000| PB 0x000000071c000000| Untracked |  0
| 606|0x000000071c400000, 0x000000071c800000, 0x000000071c800000|100%|HS|  |TAMS 0x000000071c400000| PB 0x000000071c400000| Untracked |  0
| 607|0x000000071c800000, 0x000000071cc00000, 0x000000071cc00000|100%|HC|  |TAMS 0x000000071c800000| PB 0x000000071c800000| Untracked |  0
| 608|0x000000071cc00000, 0x000000071d000000, 0x000000071d000000|100%|HS|  |TAMS 0x000000071cc00000| PB 0x000000071cc00000| Untracked |  0
| 609|0x000000071d000000, 0x000000071d400000, 0x000000071d400000|100%|HC|  |TAMS 0x000000071d000000| PB 0x000000071d000000| Untracked |  0
| 610|0x000000071d400000, 0x000000071d800000, 0x000000071d800000|100%|HS|  |TAMS 0x000000071d400000| PB 0x000000071d400000| Untracked |  0
| 611|0x000000071d800000, 0x000000071dc00000, 0x000000071dc00000|100%|HC|  |TAMS 0x000000071d800000| PB 0x000000071d800000| Untracked |  0
| 612|0x000000071dc00000, 0x000000071e000000, 0x000000071e000000|100%|HS|  |TAMS 0x000000071dc00000| PB 0x000000071dc00000| Untracked |  0
| 613|0x000000071e000000, 0x000000071e400000, 0x000000071e400000|100%|HC|  |TAMS 0x000000071e000000| PB 0x000000071e000000| Untracked |  0
| 614|0x000000071e400000, 0x000000071e800000, 0x000000071e800000|100%|HS|  |TAMS 0x000000071e400000| PB 0x000000071e400000| Untracked |  0
| 615|0x000000071e800000, 0x000000071ec00000, 0x000000071ec00000|100%|HC|  |TAMS 0x000000071e800000| PB 0x000000071e800000| Untracked |  0
| 616|0x000000071ec00000, 0x000000071f000000, 0x000000071f000000|100%|HS|  |TAMS 0x000000071ec00000| PB 0x000000071ec00000| Untracked |  0
| 617|0x000000071f000000, 0x000000071f400000, 0x000000071f400000|100%|HC|  |TAMS 0x000000071f000000| PB 0x000000071f000000| Untracked |  0
| 618|0x000000071f400000, 0x000000071f800000, 0x000000071f800000|100%|HS|  |TAMS 0x000000071f400000| PB 0x000000071f400000| Untracked |  0
| 619|0x000000071f800000, 0x000000071fc00000, 0x000000071fc00000|100%|HC|  |TAMS 0x000000071f800000| PB 0x000000071f800000| Untracked |  0
| 620|0x000000071fc00000, 0x0000000720000000, 0x0000000720000000|100%|HS|  |TAMS 0x000000071fc00000| PB 0x000000071fc00000| Untracked |  0
| 621|0x0000000720000000, 0x0000000720400000, 0x0000000720400000|100%|HC|  |TAMS 0x0000000720000000| PB 0x0000000720000000| Untracked |  0
| 622|0x0000000720400000, 0x0000000720800000, 0x0000000720800000|100%|HS|  |TAMS 0x0000000720400000| PB 0x0000000720400000| Untracked |  0
| 623|0x0000000720800000, 0x0000000720c00000, 0x0000000720c00000|100%|HC|  |TAMS 0x0000000720800000| PB 0x0000000720800000| Untracked |  0
| 624|0x0000000720c00000, 0x0000000721000000, 0x0000000721000000|100%|HS|  |TAMS 0x0000000720c00000| PB 0x0000000720c00000| Untracked |  0
| 625|0x0000000721000000, 0x0000000721400000, 0x0000000721400000|100%|HC|  |TAMS 0x0000000721000000| PB 0x0000000721000000| Untracked |  0
| 626|0x0000000721400000, 0x0000000721800000, 0x0000000721800000|100%|HS|  |TAMS 0x0000000721400000| PB 0x0000000721400000| Untracked |  0
| 627|0x0000000721800000, 0x0000000721c00000, 0x0000000721c00000|100%|HC|  |TAMS 0x0000000721800000| PB 0x0000000721800000| Untracked |  0
| 628|0x0000000721c00000, 0x0000000722000000, 0x0000000722000000|100%|HS|  |TAMS 0x0000000721c00000| PB 0x0000000721c00000| Untracked |  0
| 629|0x0000000722000000, 0x0000000722400000, 0x0000000722400000|100%|HC|  |TAMS 0x0000000722000000| PB 0x0000000722000000| Untracked |  0
| 630|0x0000000722400000, 0x0000000722800000, 0x0000000722800000|100%|HS|  |TAMS 0x0000000722400000| PB 0x0000000722400000| Untracked |  0
| 631|0x0000000722800000, 0x0000000722c00000, 0x0000000722c00000|100%|HC|  |TAMS 0x0000000722800000| PB 0x0000000722800000| Untracked |  0
| 632|0x0000000722c00000, 0x0000000723000000, 0x0000000723000000|100%|HS|  |TAMS 0x0000000722c00000| PB 0x0000000722c00000| Untracked |  0
| 633|0x0000000723000000, 0x0000000723400000, 0x0000000723400000|100%|HC|  |TAMS 0x0000000723000000| PB 0x0000000723000000| Untracked |  0
| 634|0x0000000723400000, 0x0000000723800000, 0x0000000723800000|100%|HS|  |TAMS 0x0000000723400000| PB 0x0000000723400000| Untracked |  0
| 635|0x0000000723800000, 0x0000000723c00000, 0x0000000723c00000|100%|HC|  |TAMS 0x0000000723800000| PB 0x0000000723800000| Untracked |  0
| 636|0x0000000723c00000, 0x0000000724000000, 0x0000000724000000|100%|HS|  |TAMS 0x0000000723c00000| PB 0x0000000723c00000| Untracked |  0
| 637|0x0000000724000000, 0x0000000724400000, 0x0000000724400000|100%|HC|  |TAMS 0x0000000724000000| PB 0x0000000724000000| Untracked |  0
| 638|0x0000000724400000, 0x0000000724800000, 0x0000000724800000|100%|HS|  |TAMS 0x0000000724400000| PB 0x0000000724400000| Untracked |  0
| 639|0x0000000724800000, 0x0000000724c00000, 0x0000000724c00000|100%|HC|  |TAMS 0x0000000724800000| PB 0x0000000724800000| Untracked |  0
| 640|0x0000000724c00000, 0x0000000725000000, 0x0000000725000000|100%|HS|  |TAMS 0x0000000724c00000| PB 0x0000000724c00000| Untracked |  0
| 641|0x0000000725000000, 0x0000000725400000, 0x0000000725400000|100%|HC|  |TAMS 0x0000000725000000| PB 0x0000000725000000| Untracked |  0
| 642|0x0000000725400000, 0x0000000725800000, 0x0000000725800000|100%|HS|  |TAMS 0x0000000725400000| PB 0x0000000725400000| Untracked |  0
| 643|0x0000000725800000, 0x0000000725c00000, 0x0000000725c00000|100%|HC|  |TAMS 0x0000000725800000| PB 0x0000000725800000| Untracked |  0
| 644|0x0000000725c00000, 0x0000000726000000, 0x0000000726000000|100%|HS|  |TAMS 0x0000000725c00000| PB 0x0000000725c00000| Untracked |  0
| 645|0x0000000726000000, 0x0000000726400000, 0x0000000726400000|100%|HC|  |TAMS 0x0000000726000000| PB 0x0000000726000000| Untracked |  0
| 646|0x0000000726400000, 0x0000000726800000, 0x0000000726800000|100%|HS|  |TAMS 0x0000000726400000| PB 0x0000000726400000| Untracked |  0
| 647|0x0000000726800000, 0x0000000726c00000, 0x0000000726c00000|100%|HC|  |TAMS 0x0000000726800000| PB 0x0000000726800000| Untracked |  0
| 648|0x0000000726c00000, 0x0000000727000000, 0x0000000727000000|100%|HS|  |TAMS 0x0000000726c00000| PB 0x0000000726c00000| Untracked |  0
| 649|0x0000000727000000, 0x0000000727400000, 0x0000000727400000|100%|HC|  |TAMS 0x0000000727000000| PB 0x0000000727000000| Untracked |  0
| 650|0x0000000727400000, 0x0000000727800000, 0x0000000727800000|100%|HS|  |TAMS 0x0000000727400000| PB 0x0000000727400000| Untracked |  0
| 651|0x0000000727800000, 0x0000000727c00000, 0x0000000727c00000|100%|HC|  |TAMS 0x0000000727800000| PB 0x0000000727800000| Untracked |  0
| 652|0x0000000727c00000, 0x0000000728000000, 0x0000000728000000|100%|HS|  |TAMS 0x0000000727c00000| PB 0x0000000727c00000| Untracked |  0
| 653|0x0000000728000000, 0x0000000728400000, 0x0000000728400000|100%|HC|  |TAMS 0x0000000728000000| PB 0x0000000728000000| Untracked |  0
| 654|0x0000000728400000, 0x0000000728800000, 0x0000000728800000|100%|HS|  |TAMS 0x0000000728400000| PB 0x0000000728400000| Untracked |  0
| 655|0x0000000728800000, 0x0000000728c00000, 0x0000000728c00000|100%|HC|  |TAMS 0x0000000728800000| PB 0x0000000728800000| Untracked |  0
| 656|0x0000000728c00000, 0x0000000729000000, 0x0000000729000000|100%|HS|  |TAMS 0x0000000728c00000| PB 0x0000000728c00000| Untracked |  0
| 657|0x0000000729000000, 0x0000000729400000, 0x0000000729400000|100%|HC|  |TAMS 0x0000000729000000| PB 0x0000000729000000| Untracked |  0
| 658|0x0000000729400000, 0x0000000729800000, 0x0000000729800000|100%|HS|  |TAMS 0x0000000729400000| PB 0x0000000729400000| Untracked |  0
| 659|0x0000000729800000, 0x0000000729c00000, 0x0000000729c00000|100%|HC|  |TAMS 0x0000000729800000| PB 0x0000000729800000| Untracked |  0
| 660|0x0000000729c00000, 0x000000072a000000, 0x000000072a000000|100%|HS|  |TAMS 0x0000000729c00000| PB 0x0000000729c00000| Untracked |  0
| 661|0x000000072a000000, 0x000000072a400000, 0x000000072a400000|100%|HC|  |TAMS 0x000000072a000000| PB 0x000000072a000000| Untracked |  0
| 662|0x000000072a400000, 0x000000072a800000, 0x000000072a800000|100%|HS|  |TAMS 0x000000072a400000| PB 0x000000072a400000| Untracked |  0
| 663|0x000000072a800000, 0x000000072ac00000, 0x000000072ac00000|100%|HC|  |TAMS 0x000000072a800000| PB 0x000000072a800000| Untracked |  0
| 664|0x000000072ac00000, 0x000000072b000000, 0x000000072b000000|100%|HS|  |TAMS 0x000000072ac00000| PB 0x000000072ac00000| Untracked |  0
| 665|0x000000072b000000, 0x000000072b400000, 0x000000072b400000|100%|HC|  |TAMS 0x000000072b000000| PB 0x000000072b000000| Untracked |  0
| 666|0x000000072b400000, 0x000000072b800000, 0x000000072b800000|100%|HS|  |TAMS 0x000000072b400000| PB 0x000000072b400000| Untracked |  0
| 667|0x000000072b800000, 0x000000072bc00000, 0x000000072bc00000|100%|HC|  |TAMS 0x000000072b800000| PB 0x000000072b800000| Untracked |  0
| 668|0x000000072bc00000, 0x000000072c000000, 0x000000072c000000|100%|HS|  |TAMS 0x000000072bc00000| PB 0x000000072bc00000| Untracked |  0
| 669|0x000000072c000000, 0x000000072c400000, 0x000000072c400000|100%|HC|  |TAMS 0x000000072c000000| PB 0x000000072c000000| Untracked |  0
| 670|0x000000072c400000, 0x000000072c800000, 0x000000072c800000|100%|HS|  |TAMS 0x000000072c400000| PB 0x000000072c400000| Untracked |  0
| 671|0x000000072c800000, 0x000000072cc00000, 0x000000072cc00000|100%|HC|  |TAMS 0x000000072c800000| PB 0x000000072c800000| Untracked |  0
| 672|0x000000072cc00000, 0x000000072d000000, 0x000000072d000000|100%|HS|  |TAMS 0x000000072cc00000| PB 0x000000072cc00000| Untracked |  0
| 673|0x000000072d000000, 0x000000072d400000, 0x000000072d400000|100%|HC|  |TAMS 0x000000072d000000| PB 0x000000072d000000| Untracked |  0
| 674|0x000000072d400000, 0x000000072d800000, 0x000000072d800000|100%|HS|  |TAMS 0x000000072d400000| PB 0x000000072d400000| Untracked |  0
| 675|0x000000072d800000, 0x000000072dc00000, 0x000000072dc00000|100%|HC|  |TAMS 0x000000072d800000| PB 0x000000072d800000| Untracked |  0
| 676|0x000000072dc00000, 0x000000072e000000, 0x000000072e000000|100%|HS|  |TAMS 0x000000072dc00000| PB 0x000000072dc00000| Untracked |  0
| 677|0x000000072e000000, 0x000000072e400000, 0x000000072e400000|100%|HC|  |TAMS 0x000000072e000000| PB 0x000000072e000000| Untracked |  0
| 678|0x000000072e400000, 0x000000072e800000, 0x000000072e800000|100%|HS|  |TAMS 0x000000072e400000| PB 0x000000072e400000| Untracked |  0
| 679|0x000000072e800000, 0x000000072ec00000, 0x000000072ec00000|100%|HC|  |TAMS 0x000000072e800000| PB 0x000000072e800000| Untracked |  0
| 680|0x000000072ec00000, 0x000000072f000000, 0x000000072f000000|100%|HS|  |TAMS 0x000000072ec00000| PB 0x000000072ec00000| Untracked |  0
| 681|0x000000072f000000, 0x000000072f400000, 0x000000072f400000|100%|HC|  |TAMS 0x000000072f000000| PB 0x000000072f000000| Untracked |  0
| 682|0x000000072f400000, 0x000000072f800000, 0x000000072f800000|100%|HS|  |TAMS 0x000000072f400000| PB 0x000000072f400000| Untracked |  0
| 683|0x000000072f800000, 0x000000072fc00000, 0x000000072fc00000|100%|HC|  |TAMS 0x000000072f800000| PB 0x000000072f800000| Untracked |  0
| 684|0x000000072fc00000, 0x0000000730000000, 0x0000000730000000|100%|HS|  |TAMS 0x000000072fc00000| PB 0x000000072fc00000| Untracked |  0
| 685|0x0000000730000000, 0x0000000730400000, 0x0000000730400000|100%|HC|  |TAMS 0x0000000730000000| PB 0x0000000730000000| Untracked |  0
| 686|0x0000000730400000, 0x0000000730800000, 0x0000000730800000|100%|HS|  |TAMS 0x0000000730400000| PB 0x0000000730400000| Untracked |  0
| 687|0x0000000730800000, 0x0000000730c00000, 0x0000000730c00000|100%|HC|  |TAMS 0x0000000730800000| PB 0x0000000730800000| Untracked |  0
| 688|0x0000000730c00000, 0x0000000731000000, 0x0000000731000000|100%|HS|  |TAMS 0x0000000730c00000| PB 0x0000000730c00000| Untracked |  0
| 689|0x0000000731000000, 0x0000000731400000, 0x0000000731400000|100%|HC|  |TAMS 0x0000000731000000| PB 0x0000000731000000| Untracked |  0
| 690|0x0000000731400000, 0x0000000731800000, 0x0000000731800000|100%|HS|  |TAMS 0x0000000731400000| PB 0x0000000731400000| Untracked |  0
| 691|0x0000000731800000, 0x0000000731c00000, 0x0000000731c00000|100%|HC|  |TAMS 0x0000000731800000| PB 0x0000000731800000| Untracked |  0
| 692|0x0000000731c00000, 0x0000000732000000, 0x0000000732000000|100%|HS|  |TAMS 0x0000000731c00000| PB 0x0000000731c00000| Untracked |  0
| 693|0x0000000732000000, 0x0000000732400000, 0x0000000732400000|100%|HC|  |TAMS 0x0000000732000000| PB 0x0000000732000000| Untracked |  0
| 694|0x0000000732400000, 0x0000000732800000, 0x0000000732800000|100%|HS|  |TAMS 0x0000000732400000| PB 0x0000000732400000| Untracked |  0
| 695|0x0000000732800000, 0x0000000732c00000, 0x0000000732c00000|100%|HC|  |TAMS 0x0000000732800000| PB 0x0000000732800000| Untracked |  0
| 696|0x0000000732c00000, 0x0000000733000000, 0x0000000733000000|100%|HS|  |TAMS 0x0000000732c00000| PB 0x0000000732c00000| Untracked |  0
| 697|0x0000000733000000, 0x0000000733400000, 0x0000000733400000|100%|HC|  |TAMS 0x0000000733000000| PB 0x0000000733000000| Untracked |  0
| 698|0x0000000733400000, 0x0000000733800000, 0x0000000733800000|100%|HS|  |TAMS 0x0000000733400000| PB 0x0000000733400000| Untracked |  0
| 699|0x0000000733800000, 0x0000000733c00000, 0x0000000733c00000|100%|HC|  |TAMS 0x0000000733800000| PB 0x0000000733800000| Untracked |  0
| 700|0x0000000733c00000, 0x0000000734000000, 0x0000000734000000|100%|HS|  |TAMS 0x0000000733c00000| PB 0x0000000733c00000| Untracked |  0
| 701|0x0000000734000000, 0x0000000734400000, 0x0000000734400000|100%|HC|  |TAMS 0x0000000734000000| PB 0x0000000734000000| Untracked |  0
| 702|0x0000000734400000, 0x0000000734800000, 0x0000000734800000|100%|HS|  |TAMS 0x0000000734400000| PB 0x0000000734400000| Untracked |  0
| 703|0x0000000734800000, 0x0000000734c00000, 0x0000000734c00000|100%|HC|  |TAMS 0x0000000734800000| PB 0x0000000734800000| Untracked |  0
| 704|0x0000000734c00000, 0x0000000735000000, 0x0000000735000000|100%|HS|  |TAMS 0x0000000734c00000| PB 0x0000000734c00000| Untracked |  0
| 705|0x0000000735000000, 0x0000000735400000, 0x0000000735400000|100%|HC|  |TAMS 0x0000000735000000| PB 0x0000000735000000| Untracked |  0
| 706|0x0000000735400000, 0x0000000735800000, 0x0000000735800000|100%|HS|  |TAMS 0x0000000735400000| PB 0x0000000735400000| Untracked |  0
| 707|0x0000000735800000, 0x0000000735c00000, 0x0000000735c00000|100%|HC|  |TAMS 0x0000000735800000| PB 0x0000000735800000| Untracked |  0
| 708|0x0000000735c00000, 0x0000000736000000, 0x0000000736000000|100%|HS|  |TAMS 0x0000000735c00000| PB 0x0000000735c00000| Untracked |  0
| 709|0x0000000736000000, 0x0000000736400000, 0x0000000736400000|100%|HC|  |TAMS 0x0000000736000000| PB 0x0000000736000000| Untracked |  0
| 710|0x0000000736400000, 0x0000000736800000, 0x0000000736800000|100%|HS|  |TAMS 0x0000000736400000| PB 0x0000000736400000| Untracked |  0
| 711|0x0000000736800000, 0x0000000736c00000, 0x0000000736c00000|100%|HC|  |TAMS 0x0000000736800000| PB 0x0000000736800000| Untracked |  0
| 712|0x0000000736c00000, 0x0000000737000000, 0x0000000737000000|100%|HS|  |TAMS 0x0000000736c00000| PB 0x0000000736c00000| Untracked |  0
| 713|0x0000000737000000, 0x0000000737400000, 0x0000000737400000|100%|HC|  |TAMS 0x0000000737000000| PB 0x0000000737000000| Untracked |  0
| 714|0x0000000737400000, 0x0000000737800000, 0x0000000737800000|100%|HS|  |TAMS 0x0000000737400000| PB 0x0000000737400000| Untracked |  0
| 715|0x0000000737800000, 0x0000000737c00000, 0x0000000737c00000|100%|HC|  |TAMS 0x0000000737800000| PB 0x0000000737800000| Untracked |  0
| 716|0x0000000737c00000, 0x0000000738000000, 0x0000000738000000|100%|HS|  |TAMS 0x0000000737c00000| PB 0x0000000737c00000| Untracked |  0
| 717|0x0000000738000000, 0x0000000738400000, 0x0000000738400000|100%|HC|  |TAMS 0x0000000738000000| PB 0x0000000738000000| Untracked |  0
| 718|0x0000000738400000, 0x0000000738800000, 0x0000000738800000|100%|HS|  |TAMS 0x0000000738400000| PB 0x0000000738400000| Untracked |  0
| 719|0x0000000738800000, 0x0000000738c00000, 0x0000000738c00000|100%|HC|  |TAMS 0x0000000738800000| PB 0x0000000738800000| Untracked |  0
| 720|0x0000000738c00000, 0x0000000739000000, 0x0000000739000000|100%|HS|  |TAMS 0x0000000738c00000| PB 0x0000000738c00000| Untracked |  0
| 721|0x0000000739000000, 0x0000000739400000, 0x0000000739400000|100%|HC|  |TAMS 0x0000000739000000| PB 0x0000000739000000| Untracked |  0
| 722|0x0000000739400000, 0x0000000739800000, 0x0000000739800000|100%|HS|  |TAMS 0x0000000739400000| PB 0x0000000739400000| Untracked |  0
| 723|0x0000000739800000, 0x0000000739c00000, 0x0000000739c00000|100%|HC|  |TAMS 0x0000000739800000| PB 0x0000000739800000| Untracked |  0
| 724|0x0000000739c00000, 0x000000073a000000, 0x000000073a000000|100%|HS|  |TAMS 0x0000000739c00000| PB 0x0000000739c00000| Untracked |  0
| 725|0x000000073a000000, 0x000000073a400000, 0x000000073a400000|100%|HC|  |TAMS 0x000000073a000000| PB 0x000000073a000000| Untracked |  0
| 726|0x000000073a400000, 0x000000073a800000, 0x000000073a800000|100%|HS|  |TAMS 0x000000073a400000| PB 0x000000073a400000| Untracked |  0
| 727|0x000000073a800000, 0x000000073ac00000, 0x000000073ac00000|100%|HC|  |TAMS 0x000000073a800000| PB 0x000000073a800000| Untracked |  0
| 728|0x000000073ac00000, 0x000000073b000000, 0x000000073b000000|100%|HS|  |TAMS 0x000000073ac00000| PB 0x000000073ac00000| Untracked |  0
| 729|0x000000073b000000, 0x000000073b400000, 0x000000073b400000|100%|HC|  |TAMS 0x000000073b000000| PB 0x000000073b000000| Untracked |  0
| 730|0x000000073b400000, 0x000000073b800000, 0x000000073b800000|100%|HS|  |TAMS 0x000000073b400000| PB 0x000000073b400000| Untracked |  0
| 731|0x000000073b800000, 0x000000073bc00000, 0x000000073bc00000|100%|HC|  |TAMS 0x000000073b800000| PB 0x000000073b800000| Untracked |  0
| 732|0x000000073bc00000, 0x000000073c000000, 0x000000073c000000|100%|HS|  |TAMS 0x000000073bc00000| PB 0x000000073bc00000| Untracked |  0
| 733|0x000000073c000000, 0x000000073c400000, 0x000000073c400000|100%|HC|  |TAMS 0x000000073c000000| PB 0x000000073c000000| Untracked |  0
| 734|0x000000073c400000, 0x000000073c800000, 0x000000073c800000|100%|HS|  |TAMS 0x000000073c400000| PB 0x000000073c400000| Untracked |  0
| 735|0x000000073c800000, 0x000000073cc00000, 0x000000073cc00000|100%|HC|  |TAMS 0x000000073c800000| PB 0x000000073c800000| Untracked |  0
| 736|0x000000073cc00000, 0x000000073d000000, 0x000000073d000000|100%|HS|  |TAMS 0x000000073cc00000| PB 0x000000073cc00000| Untracked |  0
| 737|0x000000073d000000, 0x000000073d400000, 0x000000073d400000|100%|HC|  |TAMS 0x000000073d000000| PB 0x000000073d000000| Untracked |  0
| 738|0x000000073d400000, 0x000000073d800000, 0x000000073d800000|100%|HS|  |TAMS 0x000000073d400000| PB 0x000000073d400000| Untracked |  0
| 739|0x000000073d800000, 0x000000073dc00000, 0x000000073dc00000|100%|HC|  |TAMS 0x000000073d800000| PB 0x000000073d800000| Untracked |  0
| 740|0x000000073dc00000, 0x000000073e000000, 0x000000073e000000|100%|HS|  |TAMS 0x000000073dc00000| PB 0x000000073dc00000| Untracked |  0
| 741|0x000000073e000000, 0x000000073e400000, 0x000000073e400000|100%|HC|  |TAMS 0x000000073e000000| PB 0x000000073e000000| Untracked |  0
| 742|0x000000073e400000, 0x000000073e800000, 0x000000073e800000|100%|HS|  |TAMS 0x000000073e400000| PB 0x000000073e400000| Untracked |  0
| 743|0x000000073e800000, 0x000000073ec00000, 0x000000073ec00000|100%|HC|  |TAMS 0x000000073e800000| PB 0x000000073e800000| Untracked |  0
| 744|0x000000073ec00000, 0x000000073f000000, 0x000000073f000000|100%|HS|  |TAMS 0x000000073ec00000| PB 0x000000073ec00000| Untracked |  0
| 745|0x000000073f000000, 0x000000073f400000, 0x000000073f400000|100%|HC|  |TAMS 0x000000073f000000| PB 0x000000073f000000| Untracked |  0
| 746|0x000000073f400000, 0x000000073f800000, 0x000000073f800000|100%|HS|  |TAMS 0x000000073f400000| PB 0x000000073f400000| Untracked |  0
| 747|0x000000073f800000, 0x000000073fc00000, 0x000000073fc00000|100%|HC|  |TAMS 0x000000073f800000| PB 0x000000073f800000| Untracked |  0
| 748|0x000000073fc00000, 0x0000000740000000, 0x0000000740000000|100%|HS|  |TAMS 0x000000073fc00000| PB 0x000000073fc00000| Untracked |  0
| 749|0x0000000740000000, 0x0000000740400000, 0x0000000740400000|100%|HC|  |TAMS 0x0000000740000000| PB 0x0000000740000000| Untracked |  0
| 750|0x0000000740400000, 0x0000000740800000, 0x0000000740800000|100%|HS|  |TAMS 0x0000000740400000| PB 0x0000000740400000| Untracked |  0
| 751|0x0000000740800000, 0x0000000740c00000, 0x0000000740c00000|100%|HC|  |TAMS 0x0000000740800000| PB 0x0000000740800000| Untracked |  0
| 752|0x0000000740c00000, 0x0000000741000000, 0x0000000741000000|100%|HS|  |TAMS 0x0000000740c00000| PB 0x0000000740c00000| Untracked |  0
| 753|0x0000000741000000, 0x0000000741400000, 0x0000000741400000|100%|HC|  |TAMS 0x0000000741000000| PB 0x0000000741000000| Untracked |  0
| 754|0x0000000741400000, 0x0000000741800000, 0x0000000741800000|100%|HS|  |TAMS 0x0000000741400000| PB 0x0000000741400000| Untracked |  0
| 755|0x0000000741800000, 0x0000000741c00000, 0x0000000741c00000|100%|HC|  |TAMS 0x0000000741800000| PB 0x0000000741800000| Untracked |  0
| 756|0x0000000741c00000, 0x0000000742000000, 0x0000000742000000|100%|HS|  |TAMS 0x0000000741c00000| PB 0x0000000741c00000| Untracked |  0
| 757|0x0000000742000000, 0x0000000742400000, 0x0000000742400000|100%|HC|  |TAMS 0x0000000742000000| PB 0x0000000742000000| Untracked |  0
| 758|0x0000000742400000, 0x0000000742800000, 0x0000000742800000|100%|HS|  |TAMS 0x0000000742400000| PB 0x0000000742400000| Untracked |  0
| 759|0x0000000742800000, 0x0000000742c00000, 0x0000000742c00000|100%|HC|  |TAMS 0x0000000742800000| PB 0x0000000742800000| Untracked |  0
| 760|0x0000000742c00000, 0x0000000743000000, 0x0000000743000000|100%|HS|  |TAMS 0x0000000742c00000| PB 0x0000000742c00000| Untracked |  0
| 761|0x0000000743000000, 0x0000000743400000, 0x0000000743400000|100%|HC|  |TAMS 0x0000000743000000| PB 0x0000000743000000| Untracked |  0
| 762|0x0000000743400000, 0x0000000743800000, 0x0000000743800000|100%|HS|  |TAMS 0x0000000743400000| PB 0x0000000743400000| Untracked |  0
| 763|0x0000000743800000, 0x0000000743c00000, 0x0000000743c00000|100%|HC|  |TAMS 0x0000000743800000| PB 0x0000000743800000| Untracked |  0
| 764|0x0000000743c00000, 0x0000000744000000, 0x0000000744000000|100%|HS|  |TAMS 0x0000000743c00000| PB 0x0000000743c00000| Untracked |  0
| 765|0x0000000744000000, 0x0000000744400000, 0x0000000744400000|100%|HC|  |TAMS 0x0000000744000000| PB 0x0000000744000000| Untracked |  0
| 766|0x0000000744400000, 0x0000000744800000, 0x0000000744800000|100%|HS|  |TAMS 0x0000000744400000| PB 0x0000000744400000| Untracked |  0
| 767|0x0000000744800000, 0x0000000744c00000, 0x0000000744c00000|100%|HC|  |TAMS 0x0000000744800000| PB 0x0000000744800000| Untracked |  0
| 768|0x0000000744c00000, 0x0000000745000000, 0x0000000745000000|100%|HS|  |TAMS 0x0000000744c00000| PB 0x0000000744c00000| Untracked |  0
| 769|0x0000000745000000, 0x0000000745400000, 0x0000000745400000|100%|HC|  |TAMS 0x0000000745000000| PB 0x0000000745000000| Untracked |  0
| 770|0x0000000745400000, 0x0000000745800000, 0x0000000745800000|100%|HS|  |TAMS 0x0000000745400000| PB 0x0000000745400000| Untracked |  0
| 771|0x0000000745800000, 0x0000000745c00000, 0x0000000745c00000|100%|HC|  |TAMS 0x0000000745800000| PB 0x0000000745800000| Untracked |  0
| 772|0x0000000745c00000, 0x0000000746000000, 0x0000000746000000|100%|HS|  |TAMS 0x0000000745c00000| PB 0x0000000745c00000| Untracked |  0
| 773|0x0000000746000000, 0x0000000746400000, 0x0000000746400000|100%|HC|  |TAMS 0x0000000746000000| PB 0x0000000746000000| Untracked |  0
| 774|0x0000000746400000, 0x0000000746800000, 0x0000000746800000|100%|HS|  |TAMS 0x0000000746400000| PB 0x0000000746400000| Untracked |  0
| 775|0x0000000746800000, 0x0000000746c00000, 0x0000000746c00000|100%|HC|  |TAMS 0x0000000746800000| PB 0x0000000746800000| Untracked |  0
| 776|0x0000000746c00000, 0x0000000747000000, 0x0000000747000000|100%|HS|  |TAMS 0x0000000746c00000| PB 0x0000000746c00000| Untracked |  0
| 777|0x0000000747000000, 0x0000000747400000, 0x0000000747400000|100%|HC|  |TAMS 0x0000000747000000| PB 0x0000000747000000| Untracked |  0
| 778|0x0000000747400000, 0x0000000747800000, 0x0000000747800000|100%|HS|  |TAMS 0x0000000747400000| PB 0x0000000747400000| Untracked |  0
| 779|0x0000000747800000, 0x0000000747c00000, 0x0000000747c00000|100%|HC|  |TAMS 0x0000000747800000| PB 0x0000000747800000| Untracked |  0
| 780|0x0000000747c00000, 0x0000000748000000, 0x0000000748000000|100%|HS|  |TAMS 0x0000000747c00000| PB 0x0000000747c00000| Untracked |  0
| 781|0x0000000748000000, 0x0000000748400000, 0x0000000748400000|100%|HC|  |TAMS 0x0000000748000000| PB 0x0000000748000000| Untracked |  0
| 782|0x0000000748400000, 0x0000000748800000, 0x0000000748800000|100%|HS|  |TAMS 0x0000000748400000| PB 0x0000000748400000| Untracked |  0
| 783|0x0000000748800000, 0x0000000748c00000, 0x0000000748c00000|100%|HC|  |TAMS 0x0000000748800000| PB 0x0000000748800000| Untracked |  0
| 784|0x0000000748c00000, 0x0000000749000000, 0x0000000749000000|100%|HS|  |TAMS 0x0000000748c00000| PB 0x0000000748c00000| Untracked |  0
| 785|0x0000000749000000, 0x0000000749400000, 0x0000000749400000|100%|HC|  |TAMS 0x0000000749000000| PB 0x0000000749000000| Untracked |  0
| 786|0x0000000749400000, 0x0000000749800000, 0x0000000749800000|100%|HS|  |TAMS 0x0000000749400000| PB 0x0000000749400000| Untracked |  0
| 787|0x0000000749800000, 0x0000000749c00000, 0x0000000749c00000|100%|HC|  |TAMS 0x0000000749800000| PB 0x0000000749800000| Untracked |  0
| 788|0x0000000749c00000, 0x000000074a000000, 0x000000074a000000|100%|HS|  |TAMS 0x0000000749c00000| PB 0x0000000749c00000| Untracked |  0
| 789|0x000000074a000000, 0x000000074a400000, 0x000000074a400000|100%|HC|  |TAMS 0x000000074a000000| PB 0x000000074a000000| Untracked |  0
| 790|0x000000074a400000, 0x000000074a800000, 0x000000074a800000|100%|HS|  |TAMS 0x000000074a400000| PB 0x000000074a400000| Untracked |  0
| 791|0x000000074a800000, 0x000000074ac00000, 0x000000074ac00000|100%|HC|  |TAMS 0x000000074a800000| PB 0x000000074a800000| Untracked |  0
| 792|0x000000074ac00000, 0x000000074b000000, 0x000000074b000000|100%|HS|  |TAMS 0x000000074ac00000| PB 0x000000074ac00000| Untracked |  0
| 793|0x000000074b000000, 0x000000074b400000, 0x000000074b400000|100%|HC|  |TAMS 0x000000074b000000| PB 0x000000074b000000| Untracked |  0
| 794|0x000000074b400000, 0x000000074b800000, 0x000000074b800000|100%|HS|  |TAMS 0x000000074b400000| PB 0x000000074b400000| Untracked |  0
| 795|0x000000074b800000, 0x000000074bc00000, 0x000000074bc00000|100%|HC|  |TAMS 0x000000074b800000| PB 0x000000074b800000| Untracked |  0
| 796|0x000000074bc00000, 0x000000074c000000, 0x000000074c000000|100%|HS|  |TAMS 0x000000074bc00000| PB 0x000000074bc00000| Untracked |  0
| 797|0x000000074c000000, 0x000000074c400000, 0x000000074c400000|100%|HC|  |TAMS 0x000000074c000000| PB 0x000000074c000000| Untracked |  0
| 798|0x000000074c400000, 0x000000074c800000, 0x000000074c800000|100%|HS|  |TAMS 0x000000074c400000| PB 0x000000074c400000| Untracked |  0
| 799|0x000000074c800000, 0x000000074cc00000, 0x000000074cc00000|100%|HC|  |TAMS 0x000000074c800000| PB 0x000000074c800000| Untracked |  0
| 800|0x000000074cc00000, 0x000000074d000000, 0x000000074d000000|100%|HS|  |TAMS 0x000000074cc00000| PB 0x000000074cc00000| Untracked |  0
| 801|0x000000074d000000, 0x000000074d400000, 0x000000074d400000|100%|HC|  |TAMS 0x000000074d000000| PB 0x000000074d000000| Untracked |  0
| 802|0x000000074d400000, 0x000000074d800000, 0x000000074d800000|100%|HS|  |TAMS 0x000000074d400000| PB 0x000000074d400000| Untracked |  0
| 803|0x000000074d800000, 0x000000074dc00000, 0x000000074dc00000|100%|HC|  |TAMS 0x000000074d800000| PB 0x000000074d800000| Untracked |  0
| 804|0x000000074dc00000, 0x000000074e000000, 0x000000074e000000|100%|HS|  |TAMS 0x000000074dc00000| PB 0x000000074dc00000| Untracked |  0
| 805|0x000000074e000000, 0x000000074e400000, 0x000000074e400000|100%|HC|  |TAMS 0x000000074e000000| PB 0x000000074e000000| Untracked |  0
| 806|0x000000074e400000, 0x000000074e800000, 0x000000074e800000|100%|HS|  |TAMS 0x000000074e400000| PB 0x000000074e400000| Untracked |  0
| 807|0x000000074e800000, 0x000000074ec00000, 0x000000074ec00000|100%|HC|  |TAMS 0x000000074e800000| PB 0x000000074e800000| Untracked |  0
| 808|0x000000074ec00000, 0x000000074f000000, 0x000000074f000000|100%|HS|  |TAMS 0x000000074ec00000| PB 0x000000074ec00000| Untracked |  0
| 809|0x000000074f000000, 0x000000074f400000, 0x000000074f400000|100%|HC|  |TAMS 0x000000074f000000| PB 0x000000074f000000| Untracked |  0
| 810|0x000000074f400000, 0x000000074f800000, 0x000000074f800000|100%|HS|  |TAMS 0x000000074f400000| PB 0x000000074f400000| Untracked |  0
| 811|0x000000074f800000, 0x000000074fc00000, 0x000000074fc00000|100%|HC|  |TAMS 0x000000074f800000| PB 0x000000074f800000| Untracked |  0
| 812|0x000000074fc00000, 0x0000000750000000, 0x0000000750000000|100%|HS|  |TAMS 0x000000074fc00000| PB 0x000000074fc00000| Untracked |  0
| 813|0x0000000750000000, 0x0000000750400000, 0x0000000750400000|100%|HC|  |TAMS 0x0000000750000000| PB 0x0000000750000000| Untracked |  0
| 814|0x0000000750400000, 0x0000000750800000, 0x0000000750800000|100%|HS|  |TAMS 0x0000000750400000| PB 0x0000000750400000| Untracked |  0
| 815|0x0000000750800000, 0x0000000750c00000, 0x0000000750c00000|100%|HC|  |TAMS 0x0000000750800000| PB 0x0000000750800000| Untracked |  0
| 816|0x0000000750c00000, 0x0000000751000000, 0x0000000751000000|100%|HS|  |TAMS 0x0000000750c00000| PB 0x0000000750c00000| Untracked |  0
| 817|0x0000000751000000, 0x0000000751400000, 0x0000000751400000|100%|HC|  |TAMS 0x0000000751000000| PB 0x0000000751000000| Untracked |  0
| 818|0x0000000751400000, 0x0000000751800000, 0x0000000751800000|100%|HS|  |TAMS 0x0000000751400000| PB 0x0000000751400000| Untracked |  0
| 819|0x0000000751800000, 0x0000000751c00000, 0x0000000751c00000|100%|HC|  |TAMS 0x0000000751800000| PB 0x0000000751800000| Untracked |  0
| 820|0x0000000751c00000, 0x0000000752000000, 0x0000000752000000|100%|HS|  |TAMS 0x0000000751c00000| PB 0x0000000751c00000| Untracked |  0
| 821|0x0000000752000000, 0x0000000752400000, 0x0000000752400000|100%|HC|  |TAMS 0x0000000752000000| PB 0x0000000752000000| Untracked |  0
| 822|0x0000000752400000, 0x0000000752800000, 0x0000000752800000|100%|HS|  |TAMS 0x0000000752400000| PB 0x0000000752400000| Untracked |  0
| 823|0x0000000752800000, 0x0000000752c00000, 0x0000000752c00000|100%|HC|  |TAMS 0x0000000752800000| PB 0x0000000752800000| Untracked |  0
| 824|0x0000000752c00000, 0x0000000753000000, 0x0000000753000000|100%|HS|  |TAMS 0x0000000752c00000| PB 0x0000000752c00000| Untracked |  0
| 825|0x0000000753000000, 0x0000000753400000, 0x0000000753400000|100%|HC|  |TAMS 0x0000000753000000| PB 0x0000000753000000| Untracked |  0
| 826|0x0000000753400000, 0x0000000753800000, 0x0000000753800000|100%|HS|  |TAMS 0x0000000753400000| PB 0x0000000753400000| Untracked |  0
| 827|0x0000000753800000, 0x0000000753c00000, 0x0000000753c00000|100%|HC|  |TAMS 0x0000000753800000| PB 0x0000000753800000| Untracked |  0
| 828|0x0000000753c00000, 0x0000000754000000, 0x0000000754000000|100%|HS|  |TAMS 0x0000000753c00000| PB 0x0000000753c00000| Untracked |  0
| 829|0x0000000754000000, 0x0000000754400000, 0x0000000754400000|100%|HC|  |TAMS 0x0000000754000000| PB 0x0000000754000000| Untracked |  0
| 830|0x0000000754400000, 0x0000000754800000, 0x0000000754800000|100%|HS|  |TAMS 0x0000000754400000| PB 0x0000000754400000| Untracked |  0
| 831|0x0000000754800000, 0x0000000754c00000, 0x0000000754c00000|100%|HC|  |TAMS 0x0000000754800000| PB 0x0000000754800000| Untracked |  0
| 832|0x0000000754c00000, 0x0000000755000000, 0x0000000755000000|100%|HS|  |TAMS 0x0000000754c00000| PB 0x0000000754c00000| Untracked |  0
| 833|0x0000000755000000, 0x0000000755400000, 0x0000000755400000|100%|HC|  |TAMS 0x0000000755000000| PB 0x0000000755000000| Untracked |  0
| 834|0x0000000755400000, 0x0000000755800000, 0x0000000755800000|100%|HS|  |TAMS 0x0000000755400000| PB 0x0000000755400000| Untracked |  0
| 835|0x0000000755800000, 0x0000000755c00000, 0x0000000755c00000|100%|HC|  |TAMS 0x0000000755800000| PB 0x0000000755800000| Untracked |  0
| 836|0x0000000755c00000, 0x0000000756000000, 0x0000000756000000|100%|HS|  |TAMS 0x0000000755c00000| PB 0x0000000755c00000| Untracked |  0
| 837|0x0000000756000000, 0x0000000756400000, 0x0000000756400000|100%|HC|  |TAMS 0x0000000756000000| PB 0x0000000756000000| Untracked |  0
| 838|0x0000000756400000, 0x0000000756800000, 0x0000000756800000|100%|HS|  |TAMS 0x0000000756400000| PB 0x0000000756400000| Untracked |  0
| 839|0x0000000756800000, 0x0000000756c00000, 0x0000000756c00000|100%|HC|  |TAMS 0x0000000756800000| PB 0x0000000756800000| Untracked |  0
| 840|0x0000000756c00000, 0x0000000757000000, 0x0000000757000000|100%|HS|  |TAMS 0x0000000756c00000| PB 0x0000000756c00000| Untracked |  0
| 841|0x0000000757000000, 0x0000000757400000, 0x0000000757400000|100%|HC|  |TAMS 0x0000000757000000| PB 0x0000000757000000| Untracked |  0
| 842|0x0000000757400000, 0x0000000757800000, 0x0000000757800000|100%|HS|  |TAMS 0x0000000757400000| PB 0x0000000757400000| Untracked |  0
| 843|0x0000000757800000, 0x0000000757c00000, 0x0000000757c00000|100%|HC|  |TAMS 0x0000000757800000| PB 0x0000000757800000| Untracked |  0
| 844|0x0000000757c00000, 0x0000000758000000, 0x0000000758000000|100%|HS|  |TAMS 0x0000000757c00000| PB 0x0000000757c00000| Untracked |  0
| 845|0x0000000758000000, 0x0000000758400000, 0x0000000758400000|100%|HC|  |TAMS 0x0000000758000000| PB 0x0000000758000000| Untracked |  0
| 846|0x0000000758400000, 0x0000000758800000, 0x0000000758800000|100%|HS|  |TAMS 0x0000000758400000| PB 0x0000000758400000| Untracked |  0
| 847|0x0000000758800000, 0x0000000758c00000, 0x0000000758c00000|100%|HC|  |TAMS 0x0000000758800000| PB 0x0000000758800000| Untracked |  0
| 848|0x0000000758c00000, 0x0000000759000000, 0x0000000759000000|100%|HS|  |TAMS 0x0000000758c00000| PB 0x0000000758c00000| Untracked |  0
| 849|0x0000000759000000, 0x0000000759400000, 0x0000000759400000|100%|HC|  |TAMS 0x0000000759000000| PB 0x0000000759000000| Untracked |  0
| 850|0x0000000759400000, 0x0000000759800000, 0x0000000759800000|100%|HS|  |TAMS 0x0000000759400000| PB 0x0000000759400000| Untracked |  0
| 851|0x0000000759800000, 0x0000000759c00000, 0x0000000759c00000|100%|HC|  |TAMS 0x0000000759800000| PB 0x0000000759800000| Untracked |  0
| 852|0x0000000759c00000, 0x000000075a000000, 0x000000075a000000|100%|HS|  |TAMS 0x0000000759c00000| PB 0x0000000759c00000| Untracked |  0
| 853|0x000000075a000000, 0x000000075a400000, 0x000000075a400000|100%|HC|  |TAMS 0x000000075a000000| PB 0x000000075a000000| Untracked |  0
| 854|0x000000075a400000, 0x000000075a800000, 0x000000075a800000|100%|HS|  |TAMS 0x000000075a400000| PB 0x000000075a400000| Untracked |  0
| 855|0x000000075a800000, 0x000000075ac00000, 0x000000075ac00000|100%|HC|  |TAMS 0x000000075a800000| PB 0x000000075a800000| Untracked |  0
| 856|0x000000075ac00000, 0x000000075b000000, 0x000000075b000000|100%|HS|  |TAMS 0x000000075ac00000| PB 0x000000075ac00000| Untracked |  0
| 857|0x000000075b000000, 0x000000075b400000, 0x000000075b400000|100%|HC|  |TAMS 0x000000075b000000| PB 0x000000075b000000| Untracked |  0
| 858|0x000000075b400000, 0x000000075b800000, 0x000000075b800000|100%|HS|  |TAMS 0x000000075b400000| PB 0x000000075b400000| Untracked |  0
| 859|0x000000075b800000, 0x000000075bc00000, 0x000000075bc00000|100%|HC|  |TAMS 0x000000075b800000| PB 0x000000075b800000| Untracked |  0
| 860|0x000000075bc00000, 0x000000075c000000, 0x000000075c000000|100%|HS|  |TAMS 0x000000075bc00000| PB 0x000000075bc00000| Untracked |  0
| 861|0x000000075c000000, 0x000000075c400000, 0x000000075c400000|100%|HC|  |TAMS 0x000000075c000000| PB 0x000000075c000000| Untracked |  0
| 862|0x000000075c400000, 0x000000075c800000, 0x000000075c800000|100%|HS|  |TAMS 0x000000075c400000| PB 0x000000075c400000| Untracked |  0
| 863|0x000000075c800000, 0x000000075cc00000, 0x000000075cc00000|100%|HC|  |TAMS 0x000000075c800000| PB 0x000000075c800000| Untracked |  0
| 864|0x000000075cc00000, 0x000000075d000000, 0x000000075d000000|100%|HS|  |TAMS 0x000000075cc00000| PB 0x000000075cc00000| Untracked |  0
| 865|0x000000075d000000, 0x000000075d400000, 0x000000075d400000|100%|HC|  |TAMS 0x000000075d000000| PB 0x000000075d000000| Untracked |  0
| 866|0x000000075d400000, 0x000000075d800000, 0x000000075d800000|100%|HS|  |TAMS 0x000000075d400000| PB 0x000000075d400000| Untracked |  0
| 867|0x000000075d800000, 0x000000075dc00000, 0x000000075dc00000|100%|HC|  |TAMS 0x000000075d800000| PB 0x000000075d800000| Untracked |  0
| 868|0x000000075dc00000, 0x000000075e000000, 0x000000075e000000|100%|HS|  |TAMS 0x000000075dc00000| PB 0x000000075dc00000| Untracked |  0
| 869|0x000000075e000000, 0x000000075e400000, 0x000000075e400000|100%|HC|  |TAMS 0x000000075e000000| PB 0x000000075e000000| Untracked |  0
| 870|0x000000075e400000, 0x000000075e800000, 0x000000075e800000|100%|HS|  |TAMS 0x000000075e400000| PB 0x000000075e400000| Untracked |  0
| 871|0x000000075e800000, 0x000000075ec00000, 0x000000075ec00000|100%|HC|  |TAMS 0x000000075e800000| PB 0x000000075e800000| Untracked |  0
| 872|0x000000075ec00000, 0x000000075f000000, 0x000000075f000000|100%|HS|  |TAMS 0x000000075ec00000| PB 0x000000075ec00000| Untracked |  0
| 873|0x000000075f000000, 0x000000075f400000, 0x000000075f400000|100%|HC|  |TAMS 0x000000075f000000| PB 0x000000075f000000| Untracked |  0
| 874|0x000000075f400000, 0x000000075f800000, 0x000000075f800000|100%|HS|  |TAMS 0x000000075f400000| PB 0x000000075f400000| Untracked |  0
| 875|0x000000075f800000, 0x000000075fc00000, 0x000000075fc00000|100%|HC|  |TAMS 0x000000075f800000| PB 0x000000075f800000| Untracked |  0
| 876|0x000000075fc00000, 0x0000000760000000, 0x0000000760000000|100%|HS|  |TAMS 0x000000075fc00000| PB 0x000000075fc00000| Untracked |  0
| 877|0x0000000760000000, 0x0000000760400000, 0x0000000760400000|100%|HC|  |TAMS 0x0000000760000000| PB 0x0000000760000000| Untracked |  0
| 878|0x0000000760400000, 0x0000000760800000, 0x0000000760800000|100%|HS|  |TAMS 0x0000000760400000| PB 0x0000000760400000| Untracked |  0
| 879|0x0000000760800000, 0x0000000760c00000, 0x0000000760c00000|100%|HC|  |TAMS 0x0000000760800000| PB 0x0000000760800000| Untracked |  0
| 880|0x0000000760c00000, 0x0000000761000000, 0x0000000761000000|100%|HS|  |TAMS 0x0000000760c00000| PB 0x0000000760c00000| Untracked |  0
| 881|0x0000000761000000, 0x0000000761400000, 0x0000000761400000|100%|HC|  |TAMS 0x0000000761000000| PB 0x0000000761000000| Untracked |  0
| 882|0x0000000761400000, 0x0000000761800000, 0x0000000761800000|100%|HS|  |TAMS 0x0000000761400000| PB 0x0000000761400000| Untracked |  0
| 883|0x0000000761800000, 0x0000000761c00000, 0x0000000761c00000|100%|HC|  |TAMS 0x0000000761800000| PB 0x0000000761800000| Untracked |  0
| 884|0x0000000761c00000, 0x0000000762000000, 0x0000000762000000|100%|HS|  |TAMS 0x0000000761c00000| PB 0x0000000761c00000| Untracked |  0
| 885|0x0000000762000000, 0x0000000762400000, 0x0000000762400000|100%|HC|  |TAMS 0x0000000762000000| PB 0x0000000762000000| Untracked |  0
| 886|0x0000000762400000, 0x0000000762800000, 0x0000000762800000|100%|HS|  |TAMS 0x0000000762400000| PB 0x0000000762400000| Untracked |  0
| 887|0x0000000762800000, 0x0000000762c00000, 0x0000000762c00000|100%|HC|  |TAMS 0x0000000762800000| PB 0x0000000762800000| Untracked |  0
| 888|0x0000000762c00000, 0x0000000763000000, 0x0000000763000000|100%|HS|  |TAMS 0x0000000762c00000| PB 0x0000000762c00000| Untracked |  0
| 889|0x0000000763000000, 0x0000000763400000, 0x0000000763400000|100%|HC|  |TAMS 0x0000000763000000| PB 0x0000000763000000| Untracked |  0
| 890|0x0000000763400000, 0x0000000763800000, 0x0000000763800000|100%|HS|  |TAMS 0x0000000763400000| PB 0x0000000763400000| Untracked |  0
| 891|0x0000000763800000, 0x0000000763c00000, 0x0000000763c00000|100%|HC|  |TAMS 0x0000000763800000| PB 0x0000000763800000| Untracked |  0
| 892|0x0000000763c00000, 0x0000000764000000, 0x0000000764000000|100%|HS|  |TAMS 0x0000000763c00000| PB 0x0000000763c00000| Untracked |  0
| 893|0x0000000764000000, 0x0000000764400000, 0x0000000764400000|100%|HC|  |TAMS 0x0000000764000000| PB 0x0000000764000000| Untracked |  0
| 894|0x0000000764400000, 0x0000000764800000, 0x0000000764800000|100%|HS|  |TAMS 0x0000000764400000| PB 0x0000000764400000| Untracked |  0
| 895|0x0000000764800000, 0x0000000764c00000, 0x0000000764c00000|100%|HC|  |TAMS 0x0000000764800000| PB 0x0000000764800000| Untracked |  0
| 896|0x0000000764c00000, 0x0000000765000000, 0x0000000765000000|100%|HS|  |TAMS 0x0000000764c00000| PB 0x0000000764c00000| Untracked |  0
| 897|0x0000000765000000, 0x0000000765400000, 0x0000000765400000|100%|HC|  |TAMS 0x0000000765000000| PB 0x0000000765000000| Untracked |  0
| 898|0x0000000765400000, 0x0000000765800000, 0x0000000765800000|100%|HS|  |TAMS 0x0000000765400000| PB 0x0000000765400000| Untracked |  0
| 899|0x0000000765800000, 0x0000000765c00000, 0x0000000765c00000|100%|HC|  |TAMS 0x0000000765800000| PB 0x0000000765800000| Untracked |  0
| 900|0x0000000765c00000, 0x0000000766000000, 0x0000000766000000|100%|HS|  |TAMS 0x0000000765c00000| PB 0x0000000765c00000| Untracked |  0
| 901|0x0000000766000000, 0x0000000766400000, 0x0000000766400000|100%|HC|  |TAMS 0x0000000766000000| PB 0x0000000766000000| Untracked |  0
| 902|0x0000000766400000, 0x0000000766800000, 0x0000000766800000|100%|HS|  |TAMS 0x0000000766400000| PB 0x0000000766400000| Untracked |  0
| 903|0x0000000766800000, 0x0000000766c00000, 0x0000000766c00000|100%|HC|  |TAMS 0x0000000766800000| PB 0x0000000766800000| Untracked |  0
| 904|0x0000000766c00000, 0x0000000767000000, 0x0000000767000000|100%|HS|  |TAMS 0x0000000766c00000| PB 0x0000000766c00000| Untracked |  0
| 905|0x0000000767000000, 0x0000000767400000, 0x0000000767400000|100%|HC|  |TAMS 0x0000000767000000| PB 0x0000000767000000| Untracked |  0
| 906|0x0000000767400000, 0x0000000767800000, 0x0000000767800000|100%|HS|  |TAMS 0x0000000767400000| PB 0x0000000767400000| Untracked |  0
| 907|0x0000000767800000, 0x0000000767c00000, 0x0000000767c00000|100%|HC|  |TAMS 0x0000000767800000| PB 0x0000000767800000| Untracked |  0
| 908|0x0000000767c00000, 0x0000000768000000, 0x0000000768000000|100%|HS|  |TAMS 0x0000000767c00000| PB 0x0000000767c00000| Untracked |  0
| 909|0x0000000768000000, 0x0000000768400000, 0x0000000768400000|100%|HC|  |TAMS 0x0000000768000000| PB 0x0000000768000000| Untracked |  0
| 910|0x0000000768400000, 0x0000000768800000, 0x0000000768800000|100%|HS|  |TAMS 0x0000000768400000| PB 0x0000000768400000| Untracked |  0
| 911|0x0000000768800000, 0x0000000768c00000, 0x0000000768c00000|100%|HC|  |TAMS 0x0000000768800000| PB 0x0000000768800000| Untracked |  0
| 912|0x0000000768c00000, 0x0000000769000000, 0x0000000769000000|100%|HS|  |TAMS 0x0000000768c00000| PB 0x0000000768c00000| Untracked |  0
| 913|0x0000000769000000, 0x0000000769400000, 0x0000000769400000|100%|HC|  |TAMS 0x0000000769000000| PB 0x0000000769000000| Untracked |  0
| 914|0x0000000769400000, 0x0000000769800000, 0x0000000769800000|100%|HS|  |TAMS 0x0000000769400000| PB 0x0000000769400000| Untracked |  0
| 915|0x0000000769800000, 0x0000000769c00000, 0x0000000769c00000|100%|HC|  |TAMS 0x0000000769800000| PB 0x0000000769800000| Untracked |  0
| 916|0x0000000769c00000, 0x000000076a000000, 0x000000076a000000|100%|HS|  |TAMS 0x0000000769c00000| PB 0x0000000769c00000| Untracked |  0
| 917|0x000000076a000000, 0x000000076a400000, 0x000000076a400000|100%|HC|  |TAMS 0x000000076a000000| PB 0x000000076a000000| Untracked |  0
| 918|0x000000076a400000, 0x000000076a800000, 0x000000076a800000|100%|HS|  |TAMS 0x000000076a400000| PB 0x000000076a400000| Untracked |  0
| 919|0x000000076a800000, 0x000000076ac00000, 0x000000076ac00000|100%|HC|  |TAMS 0x000000076a800000| PB 0x000000076a800000| Untracked |  0
| 920|0x000000076ac00000, 0x000000076b000000, 0x000000076b000000|100%|HS|  |TAMS 0x000000076ac00000| PB 0x000000076ac00000| Untracked |  0
| 921|0x000000076b000000, 0x000000076b400000, 0x000000076b400000|100%|HC|  |TAMS 0x000000076b000000| PB 0x000000076b000000| Untracked |  0
| 922|0x000000076b400000, 0x000000076b800000, 0x000000076b800000|100%|HS|  |TAMS 0x000000076b400000| PB 0x000000076b400000| Untracked |  0
| 923|0x000000076b800000, 0x000000076bc00000, 0x000000076bc00000|100%|HC|  |TAMS 0x000000076b800000| PB 0x000000076b800000| Untracked |  0
| 924|0x000000076bc00000, 0x000000076c000000, 0x000000076c000000|100%|HS|  |TAMS 0x000000076bc00000| PB 0x000000076bc00000| Untracked |  0
| 925|0x000000076c000000, 0x000000076c400000, 0x000000076c400000|100%|HC|  |TAMS 0x000000076c000000| PB 0x000000076c000000| Untracked |  0
| 926|0x000000076c400000, 0x000000076c800000, 0x000000076c800000|100%|HS|  |TAMS 0x000000076c400000| PB 0x000000076c400000| Untracked |  0
| 927|0x000000076c800000, 0x000000076cc00000, 0x000000076cc00000|100%|HC|  |TAMS 0x000000076c800000| PB 0x000000076c800000| Untracked |  0
| 928|0x000000076cc00000, 0x000000076d000000, 0x000000076d000000|100%|HS|  |TAMS 0x000000076cc00000| PB 0x000000076cc00000| Untracked |  0
| 929|0x000000076d000000, 0x000000076d400000, 0x000000076d400000|100%|HC|  |TAMS 0x000000076d000000| PB 0x000000076d000000| Untracked |  0
| 930|0x000000076d400000, 0x000000076d800000, 0x000000076d800000|100%|HS|  |TAMS 0x000000076d400000| PB 0x000000076d400000| Untracked |  0
| 931|0x000000076d800000, 0x000000076dc00000, 0x000000076dc00000|100%|HC|  |TAMS 0x000000076d800000| PB 0x000000076d800000| Untracked |  0
| 932|0x000000076dc00000, 0x000000076e000000, 0x000000076e000000|100%|HS|  |TAMS 0x000000076dc00000| PB 0x000000076dc00000| Untracked |  0
| 933|0x000000076e000000, 0x000000076e400000, 0x000000076e400000|100%|HC|  |TAMS 0x000000076e000000| PB 0x000000076e000000| Untracked |  0
| 934|0x000000076e400000, 0x000000076e800000, 0x000000076e800000|100%|HS|  |TAMS 0x000000076e400000| PB 0x000000076e400000| Untracked |  0
| 935|0x000000076e800000, 0x000000076ec00000, 0x000000076ec00000|100%|HC|  |TAMS 0x000000076e800000| PB 0x000000076e800000| Untracked |  0
| 936|0x000000076ec00000, 0x000000076f000000, 0x000000076f000000|100%|HS|  |TAMS 0x000000076ec00000| PB 0x000000076ec00000| Untracked |  0
| 937|0x000000076f000000, 0x000000076f400000, 0x000000076f400000|100%|HC|  |TAMS 0x000000076f000000| PB 0x000000076f000000| Untracked |  0
| 938|0x000000076f400000, 0x000000076f800000, 0x000000076f800000|100%|HS|  |TAMS 0x000000076f400000| PB 0x000000076f400000| Untracked |  0
| 939|0x000000076f800000, 0x000000076fc00000, 0x000000076fc00000|100%|HC|  |TAMS 0x000000076f800000| PB 0x000000076f800000| Untracked |  0
| 940|0x000000076fc00000, 0x0000000770000000, 0x0000000770000000|100%|HS|  |TAMS 0x000000076fc00000| PB 0x000000076fc00000| Untracked |  0
| 941|0x0000000770000000, 0x0000000770400000, 0x0000000770400000|100%|HC|  |TAMS 0x0000000770000000| PB 0x0000000770000000| Untracked |  0
| 942|0x0000000770400000, 0x0000000770800000, 0x0000000770800000|100%|HS|  |TAMS 0x0000000770400000| PB 0x0000000770400000| Untracked |  0
| 943|0x0000000770800000, 0x0000000770c00000, 0x0000000770c00000|100%|HC|  |TAMS 0x0000000770800000| PB 0x0000000770800000| Untracked |  0
| 944|0x0000000770c00000, 0x0000000771000000, 0x0000000771000000|100%|HS|  |TAMS 0x0000000770c00000| PB 0x0000000770c00000| Untracked |  0
| 945|0x0000000771000000, 0x0000000771400000, 0x0000000771400000|100%|HC|  |TAMS 0x0000000771000000| PB 0x0000000771000000| Untracked |  0
| 946|0x0000000771400000, 0x0000000771800000, 0x0000000771800000|100%|HS|  |TAMS 0x0000000771400000| PB 0x0000000771400000| Untracked |  0
| 947|0x0000000771800000, 0x0000000771c00000, 0x0000000771c00000|100%|HC|  |TAMS 0x0000000771800000| PB 0x0000000771800000| Untracked |  0
| 948|0x0000000771c00000, 0x0000000772000000, 0x0000000772000000|100%|HS|  |TAMS 0x0000000771c00000| PB 0x0000000771c00000| Untracked |  0
| 949|0x0000000772000000, 0x0000000772400000, 0x0000000772400000|100%|HC|  |TAMS 0x0000000772000000| PB 0x0000000772000000| Untracked |  0
| 950|0x0000000772400000, 0x0000000772800000, 0x0000000772800000|100%|HS|  |TAMS 0x0000000772400000| PB 0x0000000772400000| Untracked |  0
| 951|0x0000000772800000, 0x0000000772c00000, 0x0000000772c00000|100%|HC|  |TAMS 0x0000000772800000| PB 0x0000000772800000| Untracked |  0
| 952|0x0000000772c00000, 0x0000000773000000, 0x0000000773000000|100%|HS|  |TAMS 0x0000000772c00000| PB 0x0000000772c00000| Untracked |  0
| 953|0x0000000773000000, 0x0000000773400000, 0x0000000773400000|100%|HC|  |TAMS 0x0000000773000000| PB 0x0000000773000000| Untracked |  0
| 954|0x0000000773400000, 0x0000000773800000, 0x0000000773800000|100%|HS|  |TAMS 0x0000000773400000| PB 0x0000000773400000| Untracked |  0
| 955|0x0000000773800000, 0x0000000773c00000, 0x0000000773c00000|100%|HC|  |TAMS 0x0000000773800000| PB 0x0000000773800000| Untracked |  0
| 956|0x0000000773c00000, 0x0000000774000000, 0x0000000774000000|100%|HS|  |TAMS 0x0000000773c00000| PB 0x0000000773c00000| Untracked |  0
| 957|0x0000000774000000, 0x0000000774400000, 0x0000000774400000|100%|HC|  |TAMS 0x0000000774000000| PB 0x0000000774000000| Untracked |  0
| 958|0x0000000774400000, 0x0000000774800000, 0x0000000774800000|100%|HS|  |TAMS 0x0000000774400000| PB 0x0000000774400000| Untracked |  0
| 959|0x0000000774800000, 0x0000000774c00000, 0x0000000774c00000|100%|HC|  |TAMS 0x0000000774800000| PB 0x0000000774800000| Untracked |  0
| 960|0x0000000774c00000, 0x0000000775000000, 0x0000000775000000|100%|HS|  |TAMS 0x0000000774c00000| PB 0x0000000774c00000| Untracked |  0
| 961|0x0000000775000000, 0x0000000775400000, 0x0000000775400000|100%|HC|  |TAMS 0x0000000775000000| PB 0x0000000775000000| Untracked |  0
| 962|0x0000000775400000, 0x0000000775800000, 0x0000000775800000|100%|HS|  |TAMS 0x0000000775400000| PB 0x0000000775400000| Untracked |  0
| 963|0x0000000775800000, 0x0000000775c00000, 0x0000000775c00000|100%|HC|  |TAMS 0x0000000775800000| PB 0x0000000775800000| Untracked |  0
| 964|0x0000000775c00000, 0x0000000776000000, 0x0000000776000000|100%|HS|  |TAMS 0x0000000775c00000| PB 0x0000000775c00000| Untracked |  0
| 965|0x0000000776000000, 0x0000000776400000, 0x0000000776400000|100%|HC|  |TAMS 0x0000000776000000| PB 0x0000000776000000| Untracked |  0
| 966|0x0000000776400000, 0x0000000776800000, 0x0000000776800000|100%|HS|  |TAMS 0x0000000776400000| PB 0x0000000776400000| Untracked |  0
| 967|0x0000000776800000, 0x0000000776c00000, 0x0000000776c00000|100%|HC|  |TAMS 0x0000000776800000| PB 0x0000000776800000| Untracked |  0
| 968|0x0000000776c00000, 0x0000000777000000, 0x0000000777000000|100%|HS|  |TAMS 0x0000000776c00000| PB 0x0000000776c00000| Untracked |  0
| 969|0x0000000777000000, 0x0000000777400000, 0x0000000777400000|100%|HC|  |TAMS 0x0000000777000000| PB 0x0000000777000000| Untracked |  0
| 970|0x0000000777400000, 0x0000000777800000, 0x0000000777800000|100%|HS|  |TAMS 0x0000000777400000| PB 0x0000000777400000| Untracked |  0
| 971|0x0000000777800000, 0x0000000777c00000, 0x0000000777c00000|100%|HC|  |TAMS 0x0000000777800000| PB 0x0000000777800000| Untracked |  0
| 972|0x0000000777c00000, 0x0000000778000000, 0x0000000778000000|100%|HS|  |TAMS 0x0000000777c00000| PB 0x0000000777c00000| Untracked |  0
| 973|0x0000000778000000, 0x0000000778400000, 0x0000000778400000|100%|HC|  |TAMS 0x0000000778000000| PB 0x0000000778000000| Untracked |  0
| 974|0x0000000778400000, 0x0000000778800000, 0x0000000778800000|100%|HS|  |TAMS 0x0000000778400000| PB 0x0000000778400000| Untracked |  0
| 975|0x0000000778800000, 0x0000000778c00000, 0x0000000778c00000|100%|HC|  |TAMS 0x0000000778800000| PB 0x0000000778800000| Untracked |  0
| 976|0x0000000778c00000, 0x0000000779000000, 0x0000000779000000|100%|HS|  |TAMS 0x0000000778c00000| PB 0x0000000778c00000| Untracked |  0
| 977|0x0000000779000000, 0x0000000779400000, 0x0000000779400000|100%|HC|  |TAMS 0x0000000779000000| PB 0x0000000779000000| Untracked |  0
| 978|0x0000000779400000, 0x0000000779800000, 0x0000000779800000|100%|HS|  |TAMS 0x0000000779400000| PB 0x0000000779400000| Untracked |  0
| 979|0x0000000779800000, 0x0000000779c00000, 0x0000000779c00000|100%|HC|  |TAMS 0x0000000779800000| PB 0x0000000779800000| Untracked |  0
| 980|0x0000000779c00000, 0x000000077a000000, 0x000000077a000000|100%|HS|  |TAMS 0x0000000779c00000| PB 0x0000000779c00000| Untracked |  0
| 981|0x000000077a000000, 0x000000077a400000, 0x000000077a400000|100%|HC|  |TAMS 0x000000077a000000| PB 0x000000077a000000| Untracked |  0
| 982|0x000000077a400000, 0x000000077a800000, 0x000000077a800000|100%|HS|  |TAMS 0x000000077a400000| PB 0x000000077a400000| Untracked |  0
| 983|0x000000077a800000, 0x000000077ac00000, 0x000000077ac00000|100%|HC|  |TAMS 0x000000077a800000| PB 0x000000077a800000| Untracked |  0
| 984|0x000000077ac00000, 0x000000077b000000, 0x000000077b000000|100%|HS|  |TAMS 0x000000077ac00000| PB 0x000000077ac00000| Untracked |  0
| 985|0x000000077b000000, 0x000000077b400000, 0x000000077b400000|100%|HC|  |TAMS 0x000000077b000000| PB 0x000000077b000000| Untracked |  0
| 986|0x000000077b400000, 0x000000077b800000, 0x000000077b800000|100%|HS|  |TAMS 0x000000077b400000| PB 0x000000077b400000| Untracked |  0
| 987|0x000000077b800000, 0x000000077bc00000, 0x000000077bc00000|100%|HC|  |TAMS 0x000000077b800000| PB 0x000000077b800000| Untracked |  0
| 988|0x000000077bc00000, 0x000000077c000000, 0x000000077c000000|100%|HS|  |TAMS 0x000000077bc00000| PB 0x000000077bc00000| Untracked |  0
| 989|0x000000077c000000, 0x000000077c400000, 0x000000077c400000|100%|HC|  |TAMS 0x000000077c000000| PB 0x000000077c000000| Untracked |  0
| 990|0x000000077c400000, 0x000000077c800000, 0x000000077c800000|100%|HS|  |TAMS 0x000000077c400000| PB 0x000000077c400000| Untracked |  0
| 991|0x000000077c800000, 0x000000077cc00000, 0x000000077cc00000|100%|HC|  |TAMS 0x000000077c800000| PB 0x000000077c800000| Untracked |  0
| 992|0x000000077cc00000, 0x000000077d000000, 0x000000077d000000|100%|HS|  |TAMS 0x000000077cc00000| PB 0x000000077cc00000| Untracked |  0
| 993|0x000000077d000000, 0x000000077d400000, 0x000000077d400000|100%|HC|  |TAMS 0x000000077d000000| PB 0x000000077d000000| Untracked |  0
| 994|0x000000077d400000, 0x000000077d800000, 0x000000077d800000|100%|HS|  |TAMS 0x000000077d400000| PB 0x000000077d400000| Untracked |  0
| 995|0x000000077d800000, 0x000000077dc00000, 0x000000077dc00000|100%|HC|  |TAMS 0x000000077d800000| PB 0x000000077d800000| Untracked |  0
| 996|0x000000077dc00000, 0x000000077e000000, 0x000000077e000000|100%|HS|  |TAMS 0x000000077dc00000| PB 0x000000077dc00000| Untracked |  0
| 997|0x000000077e000000, 0x000000077e400000, 0x000000077e400000|100%|HC|  |TAMS 0x000000077e000000| PB 0x000000077e000000| Untracked |  0
| 998|0x000000077e400000, 0x000000077e800000, 0x000000077e800000|100%|HS|  |TAMS 0x000000077e400000| PB 0x000000077e400000| Untracked |  0
| 999|0x000000077e800000, 0x000000077ec00000, 0x000000077ec00000|100%|HC|  |TAMS 0x000000077e800000| PB 0x000000077e800000| Untracked |  0
|1000|0x000000077ec00000, 0x000000077f000000, 0x000000077f000000|100%|HS|  |TAMS 0x000000077ec00000| PB 0x000000077ec00000| Untracked |  0
|1001|0x000000077f000000, 0x000000077f400000, 0x000000077f400000|100%|HC|  |TAMS 0x000000077f000000| PB 0x000000077f000000| Untracked |  0
|1002|0x000000077f400000, 0x000000077f800000, 0x000000077f800000|100%|HS|  |TAMS 0x000000077f400000| PB 0x000000077f400000| Untracked |  0
|1003|0x000000077f800000, 0x000000077fc00000, 0x000000077fc00000|100%|HC|  |TAMS 0x000000077f800000| PB 0x000000077f800000| Untracked |  0
|1004|0x000000077fc00000, 0x0000000780000000, 0x0000000780000000|100%|HS|  |TAMS 0x000000077fc00000| PB 0x000000077fc00000| Untracked |  0
|1005|0x0000000780000000, 0x0000000780400000, 0x0000000780400000|100%|HC|  |TAMS 0x0000000780000000| PB 0x0000000780000000| Untracked |  0
|1006|0x0000000780400000, 0x0000000780800000, 0x0000000780800000|100%|HS|  |TAMS 0x0000000780400000| PB 0x0000000780400000| Untracked |  0
|1007|0x0000000780800000, 0x0000000780c00000, 0x0000000780c00000|100%|HC|  |TAMS 0x0000000780800000| PB 0x0000000780800000| Untracked |  0
|1008|0x0000000780c00000, 0x0000000781000000, 0x0000000781000000|100%|HS|  |TAMS 0x0000000780c00000| PB 0x0000000780c00000| Untracked |  0
|1009|0x0000000781000000, 0x0000000781400000, 0x0000000781400000|100%|HC|  |TAMS 0x0000000781000000| PB 0x0000000781000000| Untracked |  0
|1010|0x0000000781400000, 0x0000000781800000, 0x0000000781800000|100%|HS|  |TAMS 0x0000000781400000| PB 0x0000000781400000| Untracked |  0
|1011|0x0000000781800000, 0x0000000781c00000, 0x0000000781c00000|100%|HC|  |TAMS 0x0000000781800000| PB 0x0000000781800000| Untracked |  0
|1012|0x0000000781c00000, 0x0000000782000000, 0x0000000782000000|100%|HS|  |TAMS 0x0000000781c00000| PB 0x0000000781c00000| Untracked |  0
|1013|0x0000000782000000, 0x0000000782400000, 0x0000000782400000|100%|HC|  |TAMS 0x0000000782000000| PB 0x0000000782000000| Untracked |  0
|1014|0x0000000782400000, 0x0000000782800000, 0x0000000782800000|100%|HS|  |TAMS 0x0000000782400000| PB 0x0000000782400000| Untracked |  0
|1015|0x0000000782800000, 0x0000000782c00000, 0x0000000782c00000|100%|HC|  |TAMS 0x0000000782800000| PB 0x0000000782800000| Untracked |  0
|1016|0x0000000782c00000, 0x0000000783000000, 0x0000000783000000|100%|HS|  |TAMS 0x0000000782c00000| PB 0x0000000782c00000| Untracked |  0
|1017|0x0000000783000000, 0x0000000783400000, 0x0000000783400000|100%|HC|  |TAMS 0x0000000783000000| PB 0x0000000783000000| Untracked |  0
|1018|0x0000000783400000, 0x0000000783800000, 0x0000000783800000|100%|HS|  |TAMS 0x0000000783400000| PB 0x0000000783400000| Untracked |  0
|1019|0x0000000783800000, 0x0000000783c00000, 0x0000000783c00000|100%|HC|  |TAMS 0x0000000783800000| PB 0x0000000783800000| Untracked |  0
|1020|0x0000000783c00000, 0x0000000784000000, 0x0000000784000000|100%|HS|  |TAMS 0x0000000783c00000| PB 0x0000000783c00000| Untracked |  0
|1021|0x0000000784000000, 0x0000000784400000, 0x0000000784400000|100%|HC|  |TAMS 0x0000000784000000| PB 0x0000000784000000| Untracked |  0
|1022|0x0000000784400000, 0x0000000784800000, 0x0000000784800000|100%|HS|  |TAMS 0x0000000784400000| PB 0x0000000784400000| Untracked |  0
|1023|0x0000000784800000, 0x0000000784c00000, 0x0000000784c00000|100%|HC|  |TAMS 0x0000000784800000| PB 0x0000000784800000| Untracked |  0
|1024|0x0000000784c00000, 0x0000000785000000, 0x0000000785000000|100%|HS|  |TAMS 0x0000000784c00000| PB 0x0000000784c00000| Untracked |  0
|1025|0x0000000785000000, 0x0000000785400000, 0x0000000785400000|100%|HC|  |TAMS 0x0000000785000000| PB 0x0000000785000000| Untracked |  0
|1026|0x0000000785400000, 0x0000000785800000, 0x0000000785800000|100%|HS|  |TAMS 0x0000000785400000| PB 0x0000000785400000| Untracked |  0
|1027|0x0000000785800000, 0x0000000785c00000, 0x0000000785c00000|100%|HC|  |TAMS 0x0000000785800000| PB 0x0000000785800000| Untracked |  0
|1028|0x0000000785c00000, 0x0000000786000000, 0x0000000786000000|100%|HS|  |TAMS 0x0000000785c00000| PB 0x0000000785c00000| Untracked |  0
|1029|0x0000000786000000, 0x0000000786400000, 0x0000000786400000|100%|HC|  |TAMS 0x0000000786000000| PB 0x0000000786000000| Untracked |  0
|1030|0x0000000786400000, 0x0000000786800000, 0x0000000786800000|100%|HS|  |TAMS 0x0000000786400000| PB 0x0000000786400000| Untracked |  0
|1031|0x0000000786800000, 0x0000000786c00000, 0x0000000786c00000|100%|HC|  |TAMS 0x0000000786800000| PB 0x0000000786800000| Untracked |  0
|1032|0x0000000786c00000, 0x0000000787000000, 0x0000000787000000|100%|HS|  |TAMS 0x0000000786c00000| PB 0x0000000786c00000| Untracked |  0
|1033|0x0000000787000000, 0x0000000787400000, 0x0000000787400000|100%|HC|  |TAMS 0x0000000787000000| PB 0x0000000787000000| Untracked |  0
|1034|0x0000000787400000, 0x0000000787800000, 0x0000000787800000|100%|HS|  |TAMS 0x0000000787400000| PB 0x0000000787400000| Untracked |  0
|1035|0x0000000787800000, 0x0000000787c00000, 0x0000000787c00000|100%|HC|  |TAMS 0x0000000787800000| PB 0x0000000787800000| Untracked |  0
|1036|0x0000000787c00000, 0x0000000788000000, 0x0000000788000000|100%|HS|  |TAMS 0x0000000787c00000| PB 0x0000000787c00000| Untracked |  0
|1037|0x0000000788000000, 0x0000000788400000, 0x0000000788400000|100%|HC|  |TAMS 0x0000000788000000| PB 0x0000000788000000| Untracked |  0
|1038|0x0000000788400000, 0x0000000788800000, 0x0000000788800000|100%|HS|  |TAMS 0x0000000788400000| PB 0x0000000788400000| Untracked |  0
|1039|0x0000000788800000, 0x0000000788c00000, 0x0000000788c00000|100%|HC|  |TAMS 0x0000000788800000| PB 0x0000000788800000| Untracked |  0
|1040|0x0000000788c00000, 0x0000000789000000, 0x0000000789000000|100%|HS|  |TAMS 0x0000000788c00000| PB 0x0000000788c00000| Untracked |  0
|1041|0x0000000789000000, 0x0000000789400000, 0x0000000789400000|100%|HC|  |TAMS 0x0000000789000000| PB 0x0000000789000000| Untracked |  0
|1042|0x0000000789400000, 0x0000000789800000, 0x0000000789800000|100%|HS|  |TAMS 0x0000000789400000| PB 0x0000000789400000| Untracked |  0
|1043|0x0000000789800000, 0x0000000789c00000, 0x0000000789c00000|100%|HC|  |TAMS 0x0000000789800000| PB 0x0000000789800000| Untracked |  0
|1044|0x0000000789c00000, 0x000000078a000000, 0x000000078a000000|100%|HS|  |TAMS 0x0000000789c00000| PB 0x0000000789c00000| Untracked |  0
|1045|0x000000078a000000, 0x000000078a400000, 0x000000078a400000|100%|HC|  |TAMS 0x000000078a000000| PB 0x000000078a000000| Untracked |  0
|1046|0x000000078a400000, 0x000000078a800000, 0x000000078a800000|100%|HS|  |TAMS 0x000000078a400000| PB 0x000000078a400000| Untracked |  0
|1047|0x000000078a800000, 0x000000078ac00000, 0x000000078ac00000|100%|HC|  |TAMS 0x000000078a800000| PB 0x000000078a800000| Untracked |  0
|1048|0x000000078ac00000, 0x000000078b000000, 0x000000078b000000|100%|HS|  |TAMS 0x000000078ac00000| PB 0x000000078ac00000| Untracked |  0
|1049|0x000000078b000000, 0x000000078b400000, 0x000000078b400000|100%|HC|  |TAMS 0x000000078b000000| PB 0x000000078b000000| Untracked |  0
|1050|0x000000078b400000, 0x000000078b800000, 0x000000078b800000|100%|HS|  |TAMS 0x000000078b400000| PB 0x000000078b400000| Untracked |  0
|1051|0x000000078b800000, 0x000000078bc00000, 0x000000078bc00000|100%|HC|  |TAMS 0x000000078b800000| PB 0x000000078b800000| Untracked |  0
|1052|0x000000078bc00000, 0x000000078c000000, 0x000000078c000000|100%|HS|  |TAMS 0x000000078bc00000| PB 0x000000078bc00000| Untracked |  0
|1053|0x000000078c000000, 0x000000078c400000, 0x000000078c400000|100%|HC|  |TAMS 0x000000078c000000| PB 0x000000078c000000| Untracked |  0
|1054|0x000000078c400000, 0x000000078c800000, 0x000000078c800000|100%|HS|  |TAMS 0x000000078c400000| PB 0x000000078c400000| Untracked |  0
|1055|0x000000078c800000, 0x000000078cc00000, 0x000000078cc00000|100%|HC|  |TAMS 0x000000078c800000| PB 0x000000078c800000| Untracked |  0
|1056|0x000000078cc00000, 0x000000078d000000, 0x000000078d000000|100%|HS|  |TAMS 0x000000078cc00000| PB 0x000000078cc00000| Untracked |  0
|1057|0x000000078d000000, 0x000000078d400000, 0x000000078d400000|100%|HC|  |TAMS 0x000000078d000000| PB 0x000000078d000000| Untracked |  0
|1058|0x000000078d400000, 0x000000078d800000, 0x000000078d800000|100%|HS|  |TAMS 0x000000078d400000| PB 0x000000078d400000| Untracked |  0
|1059|0x000000078d800000, 0x000000078dc00000, 0x000000078dc00000|100%|HC|  |TAMS 0x000000078d800000| PB 0x000000078d800000| Untracked |  0
|1060|0x000000078dc00000, 0x000000078e000000, 0x000000078e000000|100%|HS|  |TAMS 0x000000078dc00000| PB 0x000000078dc00000| Untracked |  0
|1061|0x000000078e000000, 0x000000078e400000, 0x000000078e400000|100%|HC|  |TAMS 0x000000078e000000| PB 0x000000078e000000| Untracked |  0
|1062|0x000000078e400000, 0x000000078e800000, 0x000000078e800000|100%|HS|  |TAMS 0x000000078e400000| PB 0x000000078e400000| Untracked |  0
|1063|0x000000078e800000, 0x000000078ec00000, 0x000000078ec00000|100%|HC|  |TAMS 0x000000078e800000| PB 0x000000078e800000| Untracked |  0
|1064|0x000000078ec00000, 0x000000078f000000, 0x000000078f000000|100%|HS|  |TAMS 0x000000078ec00000| PB 0x000000078ec00000| Untracked |  0
|1065|0x000000078f000000, 0x000000078f400000, 0x000000078f400000|100%|HC|  |TAMS 0x000000078f000000| PB 0x000000078f000000| Untracked |  0
|1066|0x000000078f400000, 0x000000078f800000, 0x000000078f800000|100%|HS|  |TAMS 0x000000078f400000| PB 0x000000078f400000| Untracked |  0
|1067|0x000000078f800000, 0x000000078fc00000, 0x000000078fc00000|100%|HC|  |TAMS 0x000000078f800000| PB 0x000000078f800000| Untracked |  0
|1068|0x000000078fc00000, 0x0000000790000000, 0x0000000790000000|100%|HS|  |TAMS 0x000000078fc00000| PB 0x000000078fc00000| Untracked |  0
|1069|0x0000000790000000, 0x0000000790400000, 0x0000000790400000|100%|HC|  |TAMS 0x0000000790000000| PB 0x0000000790000000| Untracked |  0
|1070|0x0000000790400000, 0x0000000790800000, 0x0000000790800000|100%|HS|  |TAMS 0x0000000790400000| PB 0x0000000790400000| Untracked |  0
|1071|0x0000000790800000, 0x0000000790c00000, 0x0000000790c00000|100%|HC|  |TAMS 0x0000000790800000| PB 0x0000000790800000| Untracked |  0
|1072|0x0000000790c00000, 0x0000000791000000, 0x0000000791000000|100%|HS|  |TAMS 0x0000000790c00000| PB 0x0000000790c00000| Untracked |  0
|1073|0x0000000791000000, 0x0000000791400000, 0x0000000791400000|100%|HC|  |TAMS 0x0000000791000000| PB 0x0000000791000000| Untracked |  0
|1074|0x0000000791400000, 0x0000000791800000, 0x0000000791800000|100%|HS|  |TAMS 0x0000000791400000| PB 0x0000000791400000| Untracked |  0
|1075|0x0000000791800000, 0x0000000791c00000, 0x0000000791c00000|100%|HC|  |TAMS 0x0000000791800000| PB 0x0000000791800000| Untracked |  0
|1076|0x0000000791c00000, 0x0000000792000000, 0x0000000792000000|100%|HS|  |TAMS 0x0000000791c00000| PB 0x0000000791c00000| Untracked |  0
|1077|0x0000000792000000, 0x0000000792400000, 0x0000000792400000|100%|HC|  |TAMS 0x0000000792000000| PB 0x0000000792000000| Untracked |  0
|1078|0x0000000792400000, 0x0000000792800000, 0x0000000792800000|100%|HS|  |TAMS 0x0000000792400000| PB 0x0000000792400000| Untracked |  0
|1079|0x0000000792800000, 0x0000000792c00000, 0x0000000792c00000|100%|HC|  |TAMS 0x0000000792800000| PB 0x0000000792800000| Untracked |  0
|1080|0x0000000792c00000, 0x0000000793000000, 0x0000000793000000|100%|HS|  |TAMS 0x0000000792c00000| PB 0x0000000792c00000| Untracked |  0
|1081|0x0000000793000000, 0x0000000793400000, 0x0000000793400000|100%|HC|  |TAMS 0x0000000793000000| PB 0x0000000793000000| Untracked |  0
|1082|0x0000000793400000, 0x0000000793800000, 0x0000000793800000|100%|HS|  |TAMS 0x0000000793400000| PB 0x0000000793400000| Untracked |  0
|1083|0x0000000793800000, 0x0000000793c00000, 0x0000000793c00000|100%|HC|  |TAMS 0x0000000793800000| PB 0x0000000793800000| Untracked |  0
|1084|0x0000000793c00000, 0x0000000794000000, 0x0000000794000000|100%|HS|  |TAMS 0x0000000793c00000| PB 0x0000000793c00000| Untracked |  0
|1085|0x0000000794000000, 0x0000000794400000, 0x0000000794400000|100%|HC|  |TAMS 0x0000000794000000| PB 0x0000000794000000| Untracked |  0
|1086|0x0000000794400000, 0x0000000794800000, 0x0000000794800000|100%|HS|  |TAMS 0x0000000794400000| PB 0x0000000794400000| Untracked |  0
|1087|0x0000000794800000, 0x0000000794c00000, 0x0000000794c00000|100%|HC|  |TAMS 0x0000000794800000| PB 0x0000000794800000| Untracked |  0
|1088|0x0000000794c00000, 0x0000000795000000, 0x0000000795000000|100%|HS|  |TAMS 0x0000000794c00000| PB 0x0000000794c00000| Untracked |  0
|1089|0x0000000795000000, 0x0000000795400000, 0x0000000795400000|100%|HC|  |TAMS 0x0000000795000000| PB 0x0000000795000000| Untracked |  0
|1090|0x0000000795400000, 0x0000000795800000, 0x0000000795800000|100%|HS|  |TAMS 0x0000000795400000| PB 0x0000000795400000| Untracked |  0
|1091|0x0000000795800000, 0x0000000795c00000, 0x0000000795c00000|100%|HC|  |TAMS 0x0000000795800000| PB 0x0000000795800000| Untracked |  0
|1092|0x0000000795c00000, 0x0000000796000000, 0x0000000796000000|100%|HS|  |TAMS 0x0000000795c00000| PB 0x0000000795c00000| Untracked |  0
|1093|0x0000000796000000, 0x0000000796400000, 0x0000000796400000|100%|HC|  |TAMS 0x0000000796000000| PB 0x0000000796000000| Untracked |  0
|1094|0x0000000796400000, 0x0000000796800000, 0x0000000796800000|100%|HS|  |TAMS 0x0000000796400000| PB 0x0000000796400000| Untracked |  0
|1095|0x0000000796800000, 0x0000000796c00000, 0x0000000796c00000|100%|HC|  |TAMS 0x0000000796800000| PB 0x0000000796800000| Untracked |  0
|1096|0x0000000796c00000, 0x0000000797000000, 0x0000000797000000|100%|HS|  |TAMS 0x0000000796c00000| PB 0x0000000796c00000| Untracked |  0
|1097|0x0000000797000000, 0x0000000797400000, 0x0000000797400000|100%|HC|  |TAMS 0x0000000797000000| PB 0x0000000797000000| Untracked |  0
|1098|0x0000000797400000, 0x0000000797800000, 0x0000000797800000|100%|HS|  |TAMS 0x0000000797400000| PB 0x0000000797400000| Untracked |  0
|1099|0x0000000797800000, 0x0000000797c00000, 0x0000000797c00000|100%|HC|  |TAMS 0x0000000797800000| PB 0x0000000797800000| Untracked |  0
|1100|0x0000000797c00000, 0x0000000798000000, 0x0000000798000000|100%|HS|  |TAMS 0x0000000797c00000| PB 0x0000000797c00000| Untracked |  0
|1101|0x0000000798000000, 0x0000000798400000, 0x0000000798400000|100%|HC|  |TAMS 0x0000000798000000| PB 0x0000000798000000| Untracked |  0
|1102|0x0000000798400000, 0x0000000798800000, 0x0000000798800000|100%|HS|  |TAMS 0x0000000798400000| PB 0x0000000798400000| Untracked |  0
|1103|0x0000000798800000, 0x0000000798c00000, 0x0000000798c00000|100%|HC|  |TAMS 0x0000000798800000| PB 0x0000000798800000| Untracked |  0
|1104|0x0000000798c00000, 0x0000000799000000, 0x0000000799000000|100%|HS|  |TAMS 0x0000000798c00000| PB 0x0000000798c00000| Untracked |  0
|1105|0x0000000799000000, 0x0000000799400000, 0x0000000799400000|100%|HC|  |TAMS 0x0000000799000000| PB 0x0000000799000000| Untracked |  0
|1106|0x0000000799400000, 0x0000000799800000, 0x0000000799800000|100%|HS|  |TAMS 0x0000000799400000| PB 0x0000000799400000| Untracked |  0
|1107|0x0000000799800000, 0x0000000799c00000, 0x0000000799c00000|100%|HC|  |TAMS 0x0000000799800000| PB 0x0000000799800000| Untracked |  0
|1108|0x0000000799c00000, 0x000000079a000000, 0x000000079a000000|100%|HS|  |TAMS 0x0000000799c00000| PB 0x0000000799c00000| Untracked |  0
|1109|0x000000079a000000, 0x000000079a400000, 0x000000079a400000|100%|HC|  |TAMS 0x000000079a000000| PB 0x000000079a000000| Untracked |  0
|1110|0x000000079a400000, 0x000000079a800000, 0x000000079a800000|100%|HS|  |TAMS 0x000000079a400000| PB 0x000000079a400000| Untracked |  0
|1111|0x000000079a800000, 0x000000079ac00000, 0x000000079ac00000|100%|HC|  |TAMS 0x000000079a800000| PB 0x000000079a800000| Untracked |  0
|1112|0x000000079ac00000, 0x000000079b000000, 0x000000079b000000|100%|HS|  |TAMS 0x000000079ac00000| PB 0x000000079ac00000| Untracked |  0
|1113|0x000000079b000000, 0x000000079b400000, 0x000000079b400000|100%|HC|  |TAMS 0x000000079b000000| PB 0x000000079b000000| Untracked |  0
|1114|0x000000079b400000, 0x000000079b800000, 0x000000079b800000|100%|HS|  |TAMS 0x000000079b400000| PB 0x000000079b400000| Untracked |  0
|1115|0x000000079b800000, 0x000000079bc00000, 0x000000079bc00000|100%|HC|  |TAMS 0x000000079b800000| PB 0x000000079b800000| Untracked |  0
|1116|0x000000079bc00000, 0x000000079c000000, 0x000000079c000000|100%|HS|  |TAMS 0x000000079bc00000| PB 0x000000079bc00000| Untracked |  0
|1117|0x000000079c000000, 0x000000079c400000, 0x000000079c400000|100%|HC|  |TAMS 0x000000079c000000| PB 0x000000079c000000| Untracked |  0
|1118|0x000000079c400000, 0x000000079c800000, 0x000000079c800000|100%|HS|  |TAMS 0x000000079c400000| PB 0x000000079c400000| Untracked |  0
|1119|0x000000079c800000, 0x000000079cc00000, 0x000000079cc00000|100%|HC|  |TAMS 0x000000079c800000| PB 0x000000079c800000| Untracked |  0
|1120|0x000000079cc00000, 0x000000079d000000, 0x000000079d000000|100%|HS|  |TAMS 0x000000079cc00000| PB 0x000000079cc00000| Untracked |  0
|1121|0x000000079d000000, 0x000000079d400000, 0x000000079d400000|100%|HC|  |TAMS 0x000000079d000000| PB 0x000000079d000000| Untracked |  0
|1122|0x000000079d400000, 0x000000079d800000, 0x000000079d800000|100%|HS|  |TAMS 0x000000079d400000| PB 0x000000079d400000| Untracked |  0
|1123|0x000000079d800000, 0x000000079dc00000, 0x000000079dc00000|100%|HC|  |TAMS 0x000000079d800000| PB 0x000000079d800000| Untracked |  0
|1124|0x000000079dc00000, 0x000000079e000000, 0x000000079e000000|100%|HS|  |TAMS 0x000000079dc00000| PB 0x000000079dc00000| Untracked |  0
|1125|0x000000079e000000, 0x000000079e400000, 0x000000079e400000|100%|HC|  |TAMS 0x000000079e000000| PB 0x000000079e000000| Untracked |  0
|1126|0x000000079e400000, 0x000000079e800000, 0x000000079e800000|100%|HS|  |TAMS 0x000000079e400000| PB 0x000000079e400000| Untracked |  0
|1127|0x000000079e800000, 0x000000079ec00000, 0x000000079ec00000|100%|HC|  |TAMS 0x000000079e800000| PB 0x000000079e800000| Untracked |  0
|1128|0x000000079ec00000, 0x000000079f000000, 0x000000079f000000|100%|HS|  |TAMS 0x000000079ec00000| PB 0x000000079ec00000| Untracked |  0
|1129|0x000000079f000000, 0x000000079f400000, 0x000000079f400000|100%|HC|  |TAMS 0x000000079f000000| PB 0x000000079f000000| Untracked |  0
|1130|0x000000079f400000, 0x000000079f800000, 0x000000079f800000|100%|HS|  |TAMS 0x000000079f400000| PB 0x000000079f400000| Untracked |  0
|1131|0x000000079f800000, 0x000000079fc00000, 0x000000079fc00000|100%|HC|  |TAMS 0x000000079f800000| PB 0x000000079f800000| Untracked |  0
|1132|0x000000079fc00000, 0x00000007a0000000, 0x00000007a0000000|100%|HS|  |TAMS 0x000000079fc00000| PB 0x000000079fc00000| Untracked |  0
|1133|0x00000007a0000000, 0x00000007a0400000, 0x00000007a0400000|100%|HC|  |TAMS 0x00000007a0000000| PB 0x00000007a0000000| Untracked |  0
|1134|0x00000007a0400000, 0x00000007a0800000, 0x00000007a0800000|100%|HS|  |TAMS 0x00000007a0400000| PB 0x00000007a0400000| Untracked |  0
|1135|0x00000007a0800000, 0x00000007a0c00000, 0x00000007a0c00000|100%|HC|  |TAMS 0x00000007a0800000| PB 0x00000007a0800000| Untracked |  0
|1136|0x00000007a0c00000, 0x00000007a1000000, 0x00000007a1000000|100%|HS|  |TAMS 0x00000007a0c00000| PB 0x00000007a0c00000| Untracked |  0
|1137|0x00000007a1000000, 0x00000007a1400000, 0x00000007a1400000|100%|HC|  |TAMS 0x00000007a1000000| PB 0x00000007a1000000| Untracked |  0
|1138|0x00000007a1400000, 0x00000007a1800000, 0x00000007a1800000|100%|HS|  |TAMS 0x00000007a1400000| PB 0x00000007a1400000| Untracked |  0
|1139|0x00000007a1800000, 0x00000007a1c00000, 0x00000007a1c00000|100%|HC|  |TAMS 0x00000007a1800000| PB 0x00000007a1800000| Untracked |  0
|1140|0x00000007a1c00000, 0x00000007a2000000, 0x00000007a2000000|100%|HS|  |TAMS 0x00000007a1c00000| PB 0x00000007a1c00000| Untracked |  0
|1141|0x00000007a2000000, 0x00000007a2400000, 0x00000007a2400000|100%|HC|  |TAMS 0x00000007a2000000| PB 0x00000007a2000000| Untracked |  0
|1142|0x00000007a2400000, 0x00000007a2800000, 0x00000007a2800000|100%|HS|  |TAMS 0x00000007a2400000| PB 0x00000007a2400000| Untracked |  0
|1143|0x00000007a2800000, 0x00000007a2c00000, 0x00000007a2c00000|100%|HC|  |TAMS 0x00000007a2800000| PB 0x00000007a2800000| Untracked |  0
|1144|0x00000007a2c00000, 0x00000007a3000000, 0x00000007a3000000|100%|HS|  |TAMS 0x00000007a2c00000| PB 0x00000007a2c00000| Untracked |  0
|1145|0x00000007a3000000, 0x00000007a3400000, 0x00000007a3400000|100%|HC|  |TAMS 0x00000007a3000000| PB 0x00000007a3000000| Untracked |  0
|1146|0x00000007a3400000, 0x00000007a3800000, 0x00000007a3800000|100%|HS|  |TAMS 0x00000007a3400000| PB 0x00000007a3400000| Untracked |  0
|1147|0x00000007a3800000, 0x00000007a3c00000, 0x00000007a3c00000|100%|HC|  |TAMS 0x00000007a3800000| PB 0x00000007a3800000| Untracked |  0
|1148|0x00000007a3c00000, 0x00000007a4000000, 0x00000007a4000000|100%|HS|  |TAMS 0x00000007a3c00000| PB 0x00000007a3c00000| Untracked |  0
|1149|0x00000007a4000000, 0x00000007a4400000, 0x00000007a4400000|100%|HC|  |TAMS 0x00000007a4000000| PB 0x00000007a4000000| Untracked |  0
|1150|0x00000007a4400000, 0x00000007a4800000, 0x00000007a4800000|100%|HS|  |TAMS 0x00000007a4400000| PB 0x00000007a4400000| Untracked |  0
|1151|0x00000007a4800000, 0x00000007a4c00000, 0x00000007a4c00000|100%|HC|  |TAMS 0x00000007a4800000| PB 0x00000007a4800000| Untracked |  0
|1152|0x00000007a4c00000, 0x00000007a5000000, 0x00000007a5000000|100%|HS|  |TAMS 0x00000007a4c00000| PB 0x00000007a4c00000| Untracked |  0
|1153|0x00000007a5000000, 0x00000007a5400000, 0x00000007a5400000|100%|HC|  |TAMS 0x00000007a5000000| PB 0x00000007a5000000| Untracked |  0
|1154|0x00000007a5400000, 0x00000007a5800000, 0x00000007a5800000|100%|HS|  |TAMS 0x00000007a5400000| PB 0x00000007a5400000| Untracked |  0
|1155|0x00000007a5800000, 0x00000007a5c00000, 0x00000007a5c00000|100%|HC|  |TAMS 0x00000007a5800000| PB 0x00000007a5800000| Untracked |  0
|1156|0x00000007a5c00000, 0x00000007a6000000, 0x00000007a6000000|100%|HS|  |TAMS 0x00000007a5c00000| PB 0x00000007a5c00000| Untracked |  0
|1157|0x00000007a6000000, 0x00000007a6400000, 0x00000007a6400000|100%|HC|  |TAMS 0x00000007a6000000| PB 0x00000007a6000000| Untracked |  0
|1158|0x00000007a6400000, 0x00000007a6800000, 0x00000007a6800000|100%|HS|  |TAMS 0x00000007a6400000| PB 0x00000007a6400000| Untracked |  0
|1159|0x00000007a6800000, 0x00000007a6c00000, 0x00000007a6c00000|100%|HC|  |TAMS 0x00000007a6800000| PB 0x00000007a6800000| Untracked |  0
|1160|0x00000007a6c00000, 0x00000007a7000000, 0x00000007a7000000|100%|HS|  |TAMS 0x00000007a6c00000| PB 0x00000007a6c00000| Untracked |  0
|1161|0x00000007a7000000, 0x00000007a7400000, 0x00000007a7400000|100%|HC|  |TAMS 0x00000007a7000000| PB 0x00000007a7000000| Untracked |  0
|1162|0x00000007a7400000, 0x00000007a7800000, 0x00000007a7800000|100%|HS|  |TAMS 0x00000007a7400000| PB 0x00000007a7400000| Untracked |  0
|1163|0x00000007a7800000, 0x00000007a7c00000, 0x00000007a7c00000|100%|HC|  |TAMS 0x00000007a7800000| PB 0x00000007a7800000| Untracked |  0
|1164|0x00000007a7c00000, 0x00000007a8000000, 0x00000007a8000000|100%|HS|  |TAMS 0x00000007a7c00000| PB 0x00000007a7c00000| Untracked |  0
|1165|0x00000007a8000000, 0x00000007a8400000, 0x00000007a8400000|100%|HC|  |TAMS 0x00000007a8000000| PB 0x00000007a8000000| Untracked |  0
|1166|0x00000007a8400000, 0x00000007a8800000, 0x00000007a8800000|100%|HS|  |TAMS 0x00000007a8400000| PB 0x00000007a8400000| Untracked |  0
|1167|0x00000007a8800000, 0x00000007a8c00000, 0x00000007a8c00000|100%|HC|  |TAMS 0x00000007a8800000| PB 0x00000007a8800000| Untracked |  0
|1168|0x00000007a8c00000, 0x00000007a9000000, 0x00000007a9000000|100%|HS|  |TAMS 0x00000007a8c00000| PB 0x00000007a8c00000| Untracked |  0
|1169|0x00000007a9000000, 0x00000007a9400000, 0x00000007a9400000|100%|HC|  |TAMS 0x00000007a9000000| PB 0x00000007a9000000| Untracked |  0
|1170|0x00000007a9400000, 0x00000007a9800000, 0x00000007a9800000|100%|HS|  |TAMS 0x00000007a9400000| PB 0x00000007a9400000| Untracked |  0
|1171|0x00000007a9800000, 0x00000007a9c00000, 0x00000007a9c00000|100%|HC|  |TAMS 0x00000007a9800000| PB 0x00000007a9800000| Untracked |  0
|1172|0x00000007a9c00000, 0x00000007aa000000, 0x00000007aa000000|100%|HS|  |TAMS 0x00000007a9c00000| PB 0x00000007a9c00000| Untracked |  0
|1173|0x00000007aa000000, 0x00000007aa400000, 0x00000007aa400000|100%|HC|  |TAMS 0x00000007aa000000| PB 0x00000007aa000000| Untracked |  0
|1174|0x00000007aa400000, 0x00000007aa800000, 0x00000007aa800000|100%|HS|  |TAMS 0x00000007aa400000| PB 0x00000007aa400000| Untracked |  0
|1175|0x00000007aa800000, 0x00000007aac00000, 0x00000007aac00000|100%|HC|  |TAMS 0x00000007aa800000| PB 0x00000007aa800000| Untracked |  0
|1176|0x00000007aac00000, 0x00000007ab000000, 0x00000007ab000000|100%|HS|  |TAMS 0x00000007aac00000| PB 0x00000007aac00000| Untracked |  0
|1177|0x00000007ab000000, 0x00000007ab400000, 0x00000007ab400000|100%|HC|  |TAMS 0x00000007ab000000| PB 0x00000007ab000000| Untracked |  0
|1178|0x00000007ab400000, 0x00000007ab800000, 0x00000007ab800000|100%|HS|  |TAMS 0x00000007ab400000| PB 0x00000007ab400000| Untracked |  0
|1179|0x00000007ab800000, 0x00000007abc00000, 0x00000007abc00000|100%|HC|  |TAMS 0x00000007ab800000| PB 0x00000007ab800000| Untracked |  0
|1180|0x00000007abc00000, 0x00000007ac000000, 0x00000007ac000000|100%|HS|  |TAMS 0x00000007abc00000| PB 0x00000007abc00000| Untracked |  0
|1181|0x00000007ac000000, 0x00000007ac400000, 0x00000007ac400000|100%|HC|  |TAMS 0x00000007ac000000| PB 0x00000007ac000000| Untracked |  0
|1182|0x00000007ac400000, 0x00000007ac800000, 0x00000007ac800000|100%|HS|  |TAMS 0x00000007ac400000| PB 0x00000007ac400000| Untracked |  0
|1183|0x00000007ac800000, 0x00000007acc00000, 0x00000007acc00000|100%|HC|  |TAMS 0x00000007ac800000| PB 0x00000007ac800000| Untracked |  0
|1184|0x00000007acc00000, 0x00000007ad000000, 0x00000007ad000000|100%|HS|  |TAMS 0x00000007acc00000| PB 0x00000007acc00000| Untracked |  0
|1185|0x00000007ad000000, 0x00000007ad400000, 0x00000007ad400000|100%|HC|  |TAMS 0x00000007ad000000| PB 0x00000007ad000000| Untracked |  0
|1186|0x00000007ad400000, 0x00000007ad800000, 0x00000007ad800000|100%|HS|  |TAMS 0x00000007ad400000| PB 0x00000007ad400000| Untracked |  0
|1187|0x00000007ad800000, 0x00000007adc00000, 0x00000007adc00000|100%|HC|  |TAMS 0x00000007ad800000| PB 0x00000007ad800000| Untracked |  0
|1188|0x00000007adc00000, 0x00000007ae000000, 0x00000007ae000000|100%|HS|  |TAMS 0x00000007adc00000| PB 0x00000007adc00000| Untracked |  0
|1189|0x00000007ae000000, 0x00000007ae400000, 0x00000007ae400000|100%|HC|  |TAMS 0x00000007ae000000| PB 0x00000007ae000000| Untracked |  0
|1190|0x00000007ae400000, 0x00000007ae800000, 0x00000007ae800000|100%|HS|  |TAMS 0x00000007ae400000| PB 0x00000007ae400000| Untracked |  0
|1191|0x00000007ae800000, 0x00000007aec00000, 0x00000007aec00000|100%|HC|  |TAMS 0x00000007ae800000| PB 0x00000007ae800000| Untracked |  0
|1192|0x00000007aec00000, 0x00000007af000000, 0x00000007af000000|100%|HS|  |TAMS 0x00000007aec00000| PB 0x00000007aec00000| Untracked |  0
|1193|0x00000007af000000, 0x00000007af400000, 0x00000007af400000|100%|HC|  |TAMS 0x00000007af000000| PB 0x00000007af000000| Untracked |  0
|1194|0x00000007af400000, 0x00000007af800000, 0x00000007af800000|100%|HS|  |TAMS 0x00000007af400000| PB 0x00000007af400000| Untracked |  0
|1195|0x00000007af800000, 0x00000007afc00000, 0x00000007afc00000|100%|HC|  |TAMS 0x00000007af800000| PB 0x00000007af800000| Untracked |  0
|1196|0x00000007afc00000, 0x00000007b0000000, 0x00000007b0000000|100%|HS|  |TAMS 0x00000007afc00000| PB 0x00000007afc00000| Untracked |  0
|1197|0x00000007b0000000, 0x00000007b0400000, 0x00000007b0400000|100%|HC|  |TAMS 0x00000007b0000000| PB 0x00000007b0000000| Untracked |  0
|1198|0x00000007b0400000, 0x00000007b0800000, 0x00000007b0800000|100%|HS|  |TAMS 0x00000007b0400000| PB 0x00000007b0400000| Untracked |  0
|1199|0x00000007b0800000, 0x00000007b0c00000, 0x00000007b0c00000|100%|HC|  |TAMS 0x00000007b0800000| PB 0x00000007b0800000| Untracked |  0
|1200|0x00000007b0c00000, 0x00000007b1000000, 0x00000007b1000000|100%|HS|  |TAMS 0x00000007b0c00000| PB 0x00000007b0c00000| Untracked |  0
|1201|0x00000007b1000000, 0x00000007b1400000, 0x00000007b1400000|100%|HC|  |TAMS 0x00000007b1000000| PB 0x00000007b1000000| Untracked |  0
|1202|0x00000007b1400000, 0x00000007b1800000, 0x00000007b1800000|100%|HS|  |TAMS 0x00000007b1400000| PB 0x00000007b1400000| Untracked |  0
|1203|0x00000007b1800000, 0x00000007b1c00000, 0x00000007b1c00000|100%|HC|  |TAMS 0x00000007b1800000| PB 0x00000007b1800000| Untracked |  0
|1204|0x00000007b1c00000, 0x00000007b2000000, 0x00000007b2000000|100%|HS|  |TAMS 0x00000007b1c00000| PB 0x00000007b1c00000| Untracked |  0
|1205|0x00000007b2000000, 0x00000007b2400000, 0x00000007b2400000|100%|HC|  |TAMS 0x00000007b2000000| PB 0x00000007b2000000| Untracked |  0
|1206|0x00000007b2400000, 0x00000007b2800000, 0x00000007b2800000|100%|HS|  |TAMS 0x00000007b2400000| PB 0x00000007b2400000| Untracked |  0
|1207|0x00000007b2800000, 0x00000007b2c00000, 0x00000007b2c00000|100%|HC|  |TAMS 0x00000007b2800000| PB 0x00000007b2800000| Untracked |  0
|1208|0x00000007b2c00000, 0x00000007b3000000, 0x00000007b3000000|100%|HS|  |TAMS 0x00000007b2c00000| PB 0x00000007b2c00000| Untracked |  0
|1209|0x00000007b3000000, 0x00000007b3400000, 0x00000007b3400000|100%|HC|  |TAMS 0x00000007b3000000| PB 0x00000007b3000000| Untracked |  0
|1210|0x00000007b3400000, 0x00000007b3800000, 0x00000007b3800000|100%|HS|  |TAMS 0x00000007b3400000| PB 0x00000007b3400000| Untracked |  0
|1211|0x00000007b3800000, 0x00000007b3c00000, 0x00000007b3c00000|100%|HC|  |TAMS 0x00000007b3800000| PB 0x00000007b3800000| Untracked |  0
|1212|0x00000007b3c00000, 0x00000007b4000000, 0x00000007b4000000|100%|HS|  |TAMS 0x00000007b3c00000| PB 0x00000007b3c00000| Untracked |  0
|1213|0x00000007b4000000, 0x00000007b4400000, 0x00000007b4400000|100%|HC|  |TAMS 0x00000007b4000000| PB 0x00000007b4000000| Untracked |  0
|1214|0x00000007b4400000, 0x00000007b4800000, 0x00000007b4800000|100%|HS|  |TAMS 0x00000007b4400000| PB 0x00000007b4400000| Untracked |  0
|1215|0x00000007b4800000, 0x00000007b4c00000, 0x00000007b4c00000|100%|HC|  |TAMS 0x00000007b4800000| PB 0x00000007b4800000| Untracked |  0
|1216|0x00000007b4c00000, 0x00000007b5000000, 0x00000007b5000000|100%|HS|  |TAMS 0x00000007b4c00000| PB 0x00000007b4c00000| Untracked |  0
|1217|0x00000007b5000000, 0x00000007b5400000, 0x00000007b5400000|100%|HC|  |TAMS 0x00000007b5000000| PB 0x00000007b5000000| Untracked |  0
|1218|0x00000007b5400000, 0x00000007b5800000, 0x00000007b5800000|100%|HS|  |TAMS 0x00000007b5400000| PB 0x00000007b5400000| Untracked |  0
|1219|0x00000007b5800000, 0x00000007b5c00000, 0x00000007b5c00000|100%|HC|  |TAMS 0x00000007b5800000| PB 0x00000007b5800000| Untracked |  0
|1220|0x00000007b5c00000, 0x00000007b6000000, 0x00000007b6000000|100%|HS|  |TAMS 0x00000007b5c00000| PB 0x00000007b5c00000| Untracked |  0
|1221|0x00000007b6000000, 0x00000007b6400000, 0x00000007b6400000|100%|HC|  |TAMS 0x00000007b6000000| PB 0x00000007b6000000| Untracked |  0
|1222|0x00000007b6400000, 0x00000007b6800000, 0x00000007b6800000|100%|HS|  |TAMS 0x00000007b6400000| PB 0x00000007b6400000| Untracked |  0
|1223|0x00000007b6800000, 0x00000007b6c00000, 0x00000007b6c00000|100%|HC|  |TAMS 0x00000007b6800000| PB 0x00000007b6800000| Untracked |  0
|1224|0x00000007b6c00000, 0x00000007b7000000, 0x00000007b7000000|100%|HS|  |TAMS 0x00000007b6c00000| PB 0x00000007b6c00000| Untracked |  0
|1225|0x00000007b7000000, 0x00000007b7400000, 0x00000007b7400000|100%|HC|  |TAMS 0x00000007b7000000| PB 0x00000007b7000000| Untracked |  0
|1226|0x00000007b7400000, 0x00000007b7800000, 0x00000007b7800000|100%|HS|  |TAMS 0x00000007b7400000| PB 0x00000007b7400000| Untracked |  0
|1227|0x00000007b7800000, 0x00000007b7c00000, 0x00000007b7c00000|100%|HC|  |TAMS 0x00000007b7800000| PB 0x00000007b7800000| Untracked |  0
|1228|0x00000007b7c00000, 0x00000007b8000000, 0x00000007b8000000|100%|HS|  |TAMS 0x00000007b7c00000| PB 0x00000007b7c00000| Untracked |  0
|1229|0x00000007b8000000, 0x00000007b8400000, 0x00000007b8400000|100%|HC|  |TAMS 0x00000007b8000000| PB 0x00000007b8000000| Untracked |  0
|1230|0x00000007b8400000, 0x00000007b8800000, 0x00000007b8800000|100%|HS|  |TAMS 0x00000007b8400000| PB 0x00000007b8400000| Untracked |  0
|1231|0x00000007b8800000, 0x00000007b8c00000, 0x00000007b8c00000|100%|HC|  |TAMS 0x00000007b8800000| PB 0x00000007b8800000| Untracked |  0
|1232|0x00000007b8c00000, 0x00000007b9000000, 0x00000007b9000000|100%|HS|  |TAMS 0x00000007b8c00000| PB 0x00000007b8c00000| Untracked |  0
|1233|0x00000007b9000000, 0x00000007b9400000, 0x00000007b9400000|100%|HC|  |TAMS 0x00000007b9000000| PB 0x00000007b9000000| Untracked |  0
|1234|0x00000007b9400000, 0x00000007b9800000, 0x00000007b9800000|100%|HS|  |TAMS 0x00000007b9400000| PB 0x00000007b9400000| Untracked |  0
|1235|0x00000007b9800000, 0x00000007b9c00000, 0x00000007b9c00000|100%|HC|  |TAMS 0x00000007b9800000| PB 0x00000007b9800000| Untracked |  0
|1236|0x00000007b9c00000, 0x00000007ba000000, 0x00000007ba000000|100%|HS|  |TAMS 0x00000007b9c00000| PB 0x00000007b9c00000| Untracked |  0
|1237|0x00000007ba000000, 0x00000007ba400000, 0x00000007ba400000|100%|HC|  |TAMS 0x00000007ba000000| PB 0x00000007ba000000| Untracked |  0
|1238|0x00000007ba400000, 0x00000007ba800000, 0x00000007ba800000|100%|HS|  |TAMS 0x00000007ba400000| PB 0x00000007ba400000| Untracked |  0
|1239|0x00000007ba800000, 0x00000007bac00000, 0x00000007bac00000|100%|HC|  |TAMS 0x00000007ba800000| PB 0x00000007ba800000| Untracked |  0
|1240|0x00000007bac00000, 0x00000007bb000000, 0x00000007bb000000|100%|HS|  |TAMS 0x00000007bac00000| PB 0x00000007bac00000| Untracked |  0
|1241|0x00000007bb000000, 0x00000007bb400000, 0x00000007bb400000|100%|HC|  |TAMS 0x00000007bb000000| PB 0x00000007bb000000| Untracked |  0
|1242|0x00000007bb400000, 0x00000007bb800000, 0x00000007bb800000|100%|HS|  |TAMS 0x00000007bb400000| PB 0x00000007bb400000| Untracked |  0
|1243|0x00000007bb800000, 0x00000007bbc00000, 0x00000007bbc00000|100%|HC|  |TAMS 0x00000007bb800000| PB 0x00000007bb800000| Untracked |  0
|1244|0x00000007bbc00000, 0x00000007bc000000, 0x00000007bc000000|100%|HS|  |TAMS 0x00000007bbc00000| PB 0x00000007bbc00000| Untracked |  0
|1245|0x00000007bc000000, 0x00000007bc400000, 0x00000007bc400000|100%|HC|  |TAMS 0x00000007bc000000| PB 0x00000007bc000000| Untracked |  0
|1246|0x00000007bc400000, 0x00000007bc800000, 0x00000007bc800000|100%|HS|  |TAMS 0x00000007bc400000| PB 0x00000007bc400000| Untracked |  0
|1247|0x00000007bc800000, 0x00000007bcc00000, 0x00000007bcc00000|100%|HC|  |TAMS 0x00000007bc800000| PB 0x00000007bc800000| Untracked |  0
|1248|0x00000007bcc00000, 0x00000007bd000000, 0x00000007bd000000|100%|HS|  |TAMS 0x00000007bcc00000| PB 0x00000007bcc00000| Untracked |  0
|1249|0x00000007bd000000, 0x00000007bd400000, 0x00000007bd400000|100%|HC|  |TAMS 0x00000007bd000000| PB 0x00000007bd000000| Untracked |  0
|1250|0x00000007bd400000, 0x00000007bd800000, 0x00000007bd800000|100%|HS|  |TAMS 0x00000007bd400000| PB 0x00000007bd400000| Untracked |  0
|1251|0x00000007bd800000, 0x00000007bdc00000, 0x00000007bdc00000|100%|HC|  |TAMS 0x00000007bd800000| PB 0x00000007bd800000| Untracked |  0
|1252|0x00000007bdc00000, 0x00000007be000000, 0x00000007be000000|100%|HS|  |TAMS 0x00000007bdc00000| PB 0x00000007bdc00000| Untracked |  0
|1253|0x00000007be000000, 0x00000007be400000, 0x00000007be400000|100%|HC|  |TAMS 0x00000007be000000| PB 0x00000007be000000| Untracked |  0
|1254|0x00000007be400000, 0x00000007be800000, 0x00000007be800000|100%|HS|  |TAMS 0x00000007be400000| PB 0x00000007be400000| Untracked |  0
|1255|0x00000007be800000, 0x00000007bec00000, 0x00000007bec00000|100%|HC|  |TAMS 0x00000007be800000| PB 0x00000007be800000| Untracked |  0
|1256|0x00000007bec00000, 0x00000007bf000000, 0x00000007bf000000|100%|HS|  |TAMS 0x00000007bec00000| PB 0x00000007bec00000| Untracked |  0
|1257|0x00000007bf000000, 0x00000007bf400000, 0x00000007bf400000|100%|HC|  |TAMS 0x00000007bf000000| PB 0x00000007bf000000| Untracked |  0
|1258|0x00000007bf400000, 0x00000007bf800000, 0x00000007bf800000|100%|HS|  |TAMS 0x00000007bf400000| PB 0x00000007bf400000| Untracked |  0
|1259|0x00000007bf800000, 0x00000007bfc00000, 0x00000007bfc00000|100%|HC|  |TAMS 0x00000007bf800000| PB 0x00000007bf800000| Untracked |  0
|1260|0x00000007bfc00000, 0x00000007c0000000, 0x00000007c0000000|100%|HS|  |TAMS 0x00000007bfc00000| PB 0x00000007bfc00000| Untracked |  0
|1261|0x00000007c0000000, 0x00000007c0400000, 0x00000007c0400000|100%|HC|  |TAMS 0x00000007c0000000| PB 0x00000007c0000000| Untracked |  0
|1262|0x00000007c0400000, 0x00000007c0800000, 0x00000007c0800000|100%|HS|  |TAMS 0x00000007c0400000| PB 0x00000007c0400000| Untracked |  0
|1263|0x00000007c0800000, 0x00000007c0c00000, 0x00000007c0c00000|100%|HC|  |TAMS 0x00000007c0800000| PB 0x00000007c0800000| Untracked |  0
|1264|0x00000007c0c00000, 0x00000007c1000000, 0x00000007c1000000|100%|HS|  |TAMS 0x00000007c0c00000| PB 0x00000007c0c00000| Untracked |  0
|1265|0x00000007c1000000, 0x00000007c1400000, 0x00000007c1400000|100%|HC|  |TAMS 0x00000007c1000000| PB 0x00000007c1000000| Untracked |  0
|1266|0x00000007c1400000, 0x00000007c1800000, 0x00000007c1800000|100%|HS|  |TAMS 0x00000007c1400000| PB 0x00000007c1400000| Untracked |  0
|1267|0x00000007c1800000, 0x00000007c1c00000, 0x00000007c1c00000|100%|HC|  |TAMS 0x00000007c1800000| PB 0x00000007c1800000| Untracked |  0
|1268|0x00000007c1c00000, 0x00000007c2000000, 0x00000007c2000000|100%|HS|  |TAMS 0x00000007c1c00000| PB 0x00000007c1c00000| Untracked |  0
|1269|0x00000007c2000000, 0x00000007c2400000, 0x00000007c2400000|100%|HC|  |TAMS 0x00000007c2000000| PB 0x00000007c2000000| Untracked |  0
|1270|0x00000007c2400000, 0x00000007c2800000, 0x00000007c2800000|100%|HS|  |TAMS 0x00000007c2400000| PB 0x00000007c2400000| Untracked |  0
|1271|0x00000007c2800000, 0x00000007c2c00000, 0x00000007c2c00000|100%|HC|  |TAMS 0x00000007c2800000| PB 0x00000007c2800000| Untracked |  0
|1272|0x00000007c2c00000, 0x00000007c3000000, 0x00000007c3000000|100%|HS|  |TAMS 0x00000007c2c00000| PB 0x00000007c2c00000| Untracked |  0
|1273|0x00000007c3000000, 0x00000007c3400000, 0x00000007c3400000|100%|HC|  |TAMS 0x00000007c3000000| PB 0x00000007c3000000| Untracked |  0
|1274|0x00000007c3400000, 0x00000007c3800000, 0x00000007c3800000|100%|HS|  |TAMS 0x00000007c3400000| PB 0x00000007c3400000| Untracked |  0
|1275|0x00000007c3800000, 0x00000007c3c00000, 0x00000007c3c00000|100%|HC|  |TAMS 0x00000007c3800000| PB 0x00000007c3800000| Untracked |  0
|1276|0x00000007c3c00000, 0x00000007c4000000, 0x00000007c4000000|100%|HS|  |TAMS 0x00000007c3c00000| PB 0x00000007c3c00000| Untracked |  0
|1277|0x00000007c4000000, 0x00000007c4400000, 0x00000007c4400000|100%|HC|  |TAMS 0x00000007c4000000| PB 0x00000007c4000000| Untracked |  0
|1278|0x00000007c4400000, 0x00000007c4800000, 0x00000007c4800000|100%|HS|  |TAMS 0x00000007c4400000| PB 0x00000007c4400000| Untracked |  0
|1279|0x00000007c4800000, 0x00000007c4c00000, 0x00000007c4c00000|100%|HC|  |TAMS 0x00000007c4800000| PB 0x00000007c4800000| Untracked |  0
|1280|0x00000007c4c00000, 0x00000007c5000000, 0x00000007c5000000|100%|HS|  |TAMS 0x00000007c4c00000| PB 0x00000007c4c00000| Untracked |  0
|1281|0x00000007c5000000, 0x00000007c5400000, 0x00000007c5400000|100%|HC|  |TAMS 0x00000007c5000000| PB 0x00000007c5000000| Untracked |  0
|1282|0x00000007c5400000, 0x00000007c5800000, 0x00000007c5800000|100%|HS|  |TAMS 0x00000007c5400000| PB 0x00000007c5400000| Untracked |  0
|1283|0x00000007c5800000, 0x00000007c5c00000, 0x00000007c5c00000|100%|HC|  |TAMS 0x00000007c5800000| PB 0x00000007c5800000| Untracked |  0
|1284|0x00000007c5c00000, 0x00000007c6000000, 0x00000007c6000000|100%|HS|  |TAMS 0x00000007c5c00000| PB 0x00000007c5c00000| Untracked |  0
|1285|0x00000007c6000000, 0x00000007c6400000, 0x00000007c6400000|100%|HC|  |TAMS 0x00000007c6000000| PB 0x00000007c6000000| Untracked |  0
|1286|0x00000007c6400000, 0x00000007c6800000, 0x00000007c6800000|100%|HS|  |TAMS 0x00000007c6400000| PB 0x00000007c6400000| Untracked |  0
|1287|0x00000007c6800000, 0x00000007c6c00000, 0x00000007c6c00000|100%|HC|  |TAMS 0x00000007c6800000| PB 0x00000007c6800000| Untracked |  0
|1288|0x00000007c6c00000, 0x00000007c7000000, 0x00000007c7000000|100%|HS|  |TAMS 0x00000007c6c00000| PB 0x00000007c6c00000| Untracked |  0
|1289|0x00000007c7000000, 0x00000007c7400000, 0x00000007c7400000|100%|HC|  |TAMS 0x00000007c7000000| PB 0x00000007c7000000| Untracked |  0
|1290|0x00000007c7400000, 0x00000007c7800000, 0x00000007c7800000|100%|HS|  |TAMS 0x00000007c7400000| PB 0x00000007c7400000| Untracked |  0
|1291|0x00000007c7800000, 0x00000007c7c00000, 0x00000007c7c00000|100%|HC|  |TAMS 0x00000007c7800000| PB 0x00000007c7800000| Untracked |  0
|1292|0x00000007c7c00000, 0x00000007c8000000, 0x00000007c8000000|100%|HS|  |TAMS 0x00000007c7c00000| PB 0x00000007c7c00000| Untracked |  0
|1293|0x00000007c8000000, 0x00000007c8400000, 0x00000007c8400000|100%|HC|  |TAMS 0x00000007c8000000| PB 0x00000007c8000000| Untracked |  0
|1294|0x00000007c8400000, 0x00000007c8800000, 0x00000007c8800000|100%|HS|  |TAMS 0x00000007c8400000| PB 0x00000007c8400000| Untracked |  0
|1295|0x00000007c8800000, 0x00000007c8c00000, 0x00000007c8c00000|100%|HC|  |TAMS 0x00000007c8800000| PB 0x00000007c8800000| Untracked |  0
|1296|0x00000007c8c00000, 0x00000007c9000000, 0x00000007c9000000|100%|HS|  |TAMS 0x00000007c8c00000| PB 0x00000007c8c00000| Untracked |  0
|1297|0x00000007c9000000, 0x00000007c9400000, 0x00000007c9400000|100%|HC|  |TAMS 0x00000007c9000000| PB 0x00000007c9000000| Untracked |  0
|1298|0x00000007c9400000, 0x00000007c9800000, 0x00000007c9800000|100%|HS|  |TAMS 0x00000007c9400000| PB 0x00000007c9400000| Untracked |  0
|1299|0x00000007c9800000, 0x00000007c9c00000, 0x00000007c9c00000|100%|HC|  |TAMS 0x00000007c9800000| PB 0x00000007c9800000| Untracked |  0
|1300|0x00000007c9c00000, 0x00000007ca000000, 0x00000007ca000000|100%|HS|  |TAMS 0x00000007c9c00000| PB 0x00000007c9c00000| Untracked |  0
|1301|0x00000007ca000000, 0x00000007ca400000, 0x00000007ca400000|100%|HC|  |TAMS 0x00000007ca000000| PB 0x00000007ca000000| Untracked |  0
|1302|0x00000007ca400000, 0x00000007ca800000, 0x00000007ca800000|100%|HS|  |TAMS 0x00000007ca400000| PB 0x00000007ca400000| Untracked |  0
|1303|0x00000007ca800000, 0x00000007cac00000, 0x00000007cac00000|100%|HC|  |TAMS 0x00000007ca800000| PB 0x00000007ca800000| Untracked |  0
|1304|0x00000007cac00000, 0x00000007cb000000, 0x00000007cb000000|100%|HS|  |TAMS 0x00000007cac00000| PB 0x00000007cac00000| Untracked |  0
|1305|0x00000007cb000000, 0x00000007cb400000, 0x00000007cb400000|100%|HC|  |TAMS 0x00000007cb000000| PB 0x00000007cb000000| Untracked |  0
|1306|0x00000007cb400000, 0x00000007cb800000, 0x00000007cb800000|100%|HS|  |TAMS 0x00000007cb400000| PB 0x00000007cb400000| Untracked |  0
|1307|0x00000007cb800000, 0x00000007cbc00000, 0x00000007cbc00000|100%|HC|  |TAMS 0x00000007cb800000| PB 0x00000007cb800000| Untracked |  0
|1308|0x00000007cbc00000, 0x00000007cc000000, 0x00000007cc000000|100%|HS|  |TAMS 0x00000007cbc00000| PB 0x00000007cbc00000| Untracked |  0
|1309|0x00000007cc000000, 0x00000007cc400000, 0x00000007cc400000|100%|HC|  |TAMS 0x00000007cc000000| PB 0x00000007cc000000| Untracked |  0
|1310|0x00000007cc400000, 0x00000007cc800000, 0x00000007cc800000|100%|HS|  |TAMS 0x00000007cc400000| PB 0x00000007cc400000| Untracked |  0
|1311|0x00000007cc800000, 0x00000007ccc00000, 0x00000007ccc00000|100%|HC|  |TAMS 0x00000007cc800000| PB 0x00000007cc800000| Untracked |  0
|1312|0x00000007ccc00000, 0x00000007cd000000, 0x00000007cd000000|100%|HS|  |TAMS 0x00000007ccc00000| PB 0x00000007ccc00000| Untracked |  0
|1313|0x00000007cd000000, 0x00000007cd400000, 0x00000007cd400000|100%|HC|  |TAMS 0x00000007cd000000| PB 0x00000007cd000000| Untracked |  0
|1314|0x00000007cd400000, 0x00000007cd800000, 0x00000007cd800000|100%|HS|  |TAMS 0x00000007cd400000| PB 0x00000007cd400000| Untracked |  0
|1315|0x00000007cd800000, 0x00000007cdc00000, 0x00000007cdc00000|100%|HC|  |TAMS 0x00000007cd800000| PB 0x00000007cd800000| Untracked |  0
|1316|0x00000007cdc00000, 0x00000007ce000000, 0x00000007ce000000|100%|HS|  |TAMS 0x00000007cdc00000| PB 0x00000007cdc00000| Untracked |  0
|1317|0x00000007ce000000, 0x00000007ce400000, 0x00000007ce400000|100%|HC|  |TAMS 0x00000007ce000000| PB 0x00000007ce000000| Untracked |  0
|1318|0x00000007ce400000, 0x00000007ce800000, 0x00000007ce800000|100%|HS|  |TAMS 0x00000007ce400000| PB 0x00000007ce400000| Untracked |  0
|1319|0x00000007ce800000, 0x00000007cec00000, 0x00000007cec00000|100%|HC|  |TAMS 0x00000007ce800000| PB 0x00000007ce800000| Untracked |  0
|1320|0x00000007cec00000, 0x00000007cf000000, 0x00000007cf000000|100%|HS|  |TAMS 0x00000007cec00000| PB 0x00000007cec00000| Untracked |  0
|1321|0x00000007cf000000, 0x00000007cf400000, 0x00000007cf400000|100%|HC|  |TAMS 0x00000007cf000000| PB 0x00000007cf000000| Untracked |  0
|1322|0x00000007cf400000, 0x00000007cf800000, 0x00000007cf800000|100%|HS|  |TAMS 0x00000007cf400000| PB 0x00000007cf400000| Untracked |  0
|1323|0x00000007cf800000, 0x00000007cfc00000, 0x00000007cfc00000|100%|HC|  |TAMS 0x00000007cf800000| PB 0x00000007cf800000| Untracked |  0
|1324|0x00000007cfc00000, 0x00000007d0000000, 0x00000007d0000000|100%|HS|  |TAMS 0x00000007cfc00000| PB 0x00000007cfc00000| Untracked |  0
|1325|0x00000007d0000000, 0x00000007d0400000, 0x00000007d0400000|100%|HC|  |TAMS 0x00000007d0000000| PB 0x00000007d0000000| Untracked |  0
|1326|0x00000007d0400000, 0x00000007d0800000, 0x00000007d0800000|100%|HS|  |TAMS 0x00000007d0400000| PB 0x00000007d0400000| Untracked |  0
|1327|0x00000007d0800000, 0x00000007d0c00000, 0x00000007d0c00000|100%|HC|  |TAMS 0x00000007d0800000| PB 0x00000007d0800000| Untracked |  0
|1328|0x00000007d0c00000, 0x00000007d1000000, 0x00000007d1000000|100%|HS|  |TAMS 0x00000007d0c00000| PB 0x00000007d0c00000| Untracked |  0
|1329|0x00000007d1000000, 0x00000007d1400000, 0x00000007d1400000|100%|HC|  |TAMS 0x00000007d1000000| PB 0x00000007d1000000| Untracked |  0
|1330|0x00000007d1400000, 0x00000007d1800000, 0x00000007d1800000|100%|HS|  |TAMS 0x00000007d1400000| PB 0x00000007d1400000| Untracked |  0
|1331|0x00000007d1800000, 0x00000007d1c00000, 0x00000007d1c00000|100%|HC|  |TAMS 0x00000007d1800000| PB 0x00000007d1800000| Untracked |  0
|1332|0x00000007d1c00000, 0x00000007d2000000, 0x00000007d2000000|100%|HS|  |TAMS 0x00000007d1c00000| PB 0x00000007d1c00000| Untracked |  0
|1333|0x00000007d2000000, 0x00000007d2400000, 0x00000007d2400000|100%|HC|  |TAMS 0x00000007d2000000| PB 0x00000007d2000000| Untracked |  0
|1334|0x00000007d2400000, 0x00000007d2800000, 0x00000007d2800000|100%|HS|  |TAMS 0x00000007d2400000| PB 0x00000007d2400000| Untracked |  0
|1335|0x00000007d2800000, 0x00000007d2c00000, 0x00000007d2c00000|100%|HC|  |TAMS 0x00000007d2800000| PB 0x00000007d2800000| Untracked |  0
|1336|0x00000007d2c00000, 0x00000007d3000000, 0x00000007d3000000|100%|HS|  |TAMS 0x00000007d2c00000| PB 0x00000007d2c00000| Untracked |  0
|1337|0x00000007d3000000, 0x00000007d3400000, 0x00000007d3400000|100%|HC|  |TAMS 0x00000007d3000000| PB 0x00000007d3000000| Untracked |  0
|1338|0x00000007d3400000, 0x00000007d3800000, 0x00000007d3800000|100%|HS|  |TAMS 0x00000007d3400000| PB 0x00000007d3400000| Untracked |  0
|1339|0x00000007d3800000, 0x00000007d3c00000, 0x00000007d3c00000|100%|HC|  |TAMS 0x00000007d3800000| PB 0x00000007d3800000| Untracked |  0
|1340|0x00000007d3c00000, 0x00000007d4000000, 0x00000007d4000000|100%|HS|  |TAMS 0x00000007d3c00000| PB 0x00000007d3c00000| Untracked |  0
|1341|0x00000007d4000000, 0x00000007d4400000, 0x00000007d4400000|100%|HC|  |TAMS 0x00000007d4000000| PB 0x00000007d4000000| Untracked |  0
|1342|0x00000007d4400000, 0x00000007d4800000, 0x00000007d4800000|100%|HS|  |TAMS 0x00000007d4400000| PB 0x00000007d4400000| Untracked |  0
|1343|0x00000007d4800000, 0x00000007d4c00000, 0x00000007d4c00000|100%|HC|  |TAMS 0x00000007d4800000| PB 0x00000007d4800000| Untracked |  0
|1344|0x00000007d4c00000, 0x00000007d5000000, 0x00000007d5000000|100%|HS|  |TAMS 0x00000007d4c00000| PB 0x00000007d4c00000| Untracked |  0
|1345|0x00000007d5000000, 0x00000007d5400000, 0x00000007d5400000|100%|HC|  |TAMS 0x00000007d5000000| PB 0x00000007d5000000| Untracked |  0
|1346|0x00000007d5400000, 0x00000007d5800000, 0x00000007d5800000|100%|HS|  |TAMS 0x00000007d5400000| PB 0x00000007d5400000| Untracked |  0
|1347|0x00000007d5800000, 0x00000007d5c00000, 0x00000007d5c00000|100%|HC|  |TAMS 0x00000007d5800000| PB 0x00000007d5800000| Untracked |  0
|1348|0x00000007d5c00000, 0x00000007d6000000, 0x00000007d6000000|100%|HS|  |TAMS 0x00000007d5c00000| PB 0x00000007d5c00000| Untracked |  0
|1349|0x00000007d6000000, 0x00000007d6400000, 0x00000007d6400000|100%|HC|  |TAMS 0x00000007d6000000| PB 0x00000007d6000000| Untracked |  0
|1350|0x00000007d6400000, 0x00000007d6800000, 0x00000007d6800000|100%|HS|  |TAMS 0x00000007d6400000| PB 0x00000007d6400000| Untracked |  0
|1351|0x00000007d6800000, 0x00000007d6c00000, 0x00000007d6c00000|100%|HC|  |TAMS 0x00000007d6800000| PB 0x00000007d6800000| Untracked |  0
|1352|0x00000007d6c00000, 0x00000007d7000000, 0x00000007d7000000|100%|HS|  |TAMS 0x00000007d6c00000| PB 0x00000007d6c00000| Untracked |  0
|1353|0x00000007d7000000, 0x00000007d7400000, 0x00000007d7400000|100%|HC|  |TAMS 0x00000007d7000000| PB 0x00000007d7000000| Untracked |  0
|1354|0x00000007d7400000, 0x00000007d7800000, 0x00000007d7800000|100%|HS|  |TAMS 0x00000007d7400000| PB 0x00000007d7400000| Untracked |  0
|1355|0x00000007d7800000, 0x00000007d7c00000, 0x00000007d7c00000|100%|HC|  |TAMS 0x00000007d7800000| PB 0x00000007d7800000| Untracked |  0
|1356|0x00000007d7c00000, 0x00000007d8000000, 0x00000007d8000000|100%|HS|  |TAMS 0x00000007d7c00000| PB 0x00000007d7c00000| Untracked |  0
|1357|0x00000007d8000000, 0x00000007d8400000, 0x00000007d8400000|100%|HC|  |TAMS 0x00000007d8000000| PB 0x00000007d8000000| Untracked |  0
|1358|0x00000007d8400000, 0x00000007d8800000, 0x00000007d8800000|100%|HS|  |TAMS 0x00000007d8400000| PB 0x00000007d8400000| Untracked |  0
|1359|0x00000007d8800000, 0x00000007d8c00000, 0x00000007d8c00000|100%|HC|  |TAMS 0x00000007d8800000| PB 0x00000007d8800000| Untracked |  0
|1360|0x00000007d8c00000, 0x00000007d9000000, 0x00000007d9000000|100%|HS|  |TAMS 0x00000007d8c00000| PB 0x00000007d8c00000| Untracked |  0
|1361|0x00000007d9000000, 0x00000007d9400000, 0x00000007d9400000|100%|HC|  |TAMS 0x00000007d9000000| PB 0x00000007d9000000| Untracked |  0
|1362|0x00000007d9400000, 0x00000007d9800000, 0x00000007d9800000|100%|HS|  |TAMS 0x00000007d9400000| PB 0x00000007d9400000| Untracked |  0
|1363|0x00000007d9800000, 0x00000007d9c00000, 0x00000007d9c00000|100%|HC|  |TAMS 0x00000007d9800000| PB 0x00000007d9800000| Untracked |  0
|1364|0x00000007d9c00000, 0x00000007da000000, 0x00000007da000000|100%|HS|  |TAMS 0x00000007d9c00000| PB 0x00000007d9c00000| Untracked |  0
|1365|0x00000007da000000, 0x00000007da400000, 0x00000007da400000|100%|HC|  |TAMS 0x00000007da000000| PB 0x00000007da000000| Untracked |  0
|1366|0x00000007da400000, 0x00000007da800000, 0x00000007da800000|100%|HS|  |TAMS 0x00000007da400000| PB 0x00000007da400000| Untracked |  0
|1367|0x00000007da800000, 0x00000007dac00000, 0x00000007dac00000|100%|HC|  |TAMS 0x00000007da800000| PB 0x00000007da800000| Untracked |  0
|1368|0x00000007dac00000, 0x00000007db000000, 0x00000007db000000|100%|HS|  |TAMS 0x00000007dac00000| PB 0x00000007dac00000| Untracked |  0
|1369|0x00000007db000000, 0x00000007db400000, 0x00000007db400000|100%|HC|  |TAMS 0x00000007db000000| PB 0x00000007db000000| Untracked |  0
|1370|0x00000007db400000, 0x00000007db800000, 0x00000007db800000|100%|HS|  |TAMS 0x00000007db400000| PB 0x00000007db400000| Untracked |  0
|1371|0x00000007db800000, 0x00000007dbc00000, 0x00000007dbc00000|100%|HC|  |TAMS 0x00000007db800000| PB 0x00000007db800000| Untracked |  0
|1372|0x00000007dbc00000, 0x00000007dc000000, 0x00000007dc000000|100%|HS|  |TAMS 0x00000007dbc00000| PB 0x00000007dbc00000| Untracked |  0
|1373|0x00000007dc000000, 0x00000007dc400000, 0x00000007dc400000|100%|HC|  |TAMS 0x00000007dc000000| PB 0x00000007dc000000| Untracked |  0
|1374|0x00000007dc400000, 0x00000007dc800000, 0x00000007dc800000|100%|HS|  |TAMS 0x00000007dc400000| PB 0x00000007dc400000| Untracked |  0
|1375|0x00000007dc800000, 0x00000007dcc00000, 0x00000007dcc00000|100%|HC|  |TAMS 0x00000007dc800000| PB 0x00000007dc800000| Untracked |  0
|1376|0x00000007dcc00000, 0x00000007dd000000, 0x00000007dd000000|100%|HS|  |TAMS 0x00000007dcc00000| PB 0x00000007dcc00000| Untracked |  0
|1377|0x00000007dd000000, 0x00000007dd400000, 0x00000007dd400000|100%|HC|  |TAMS 0x00000007dd000000| PB 0x00000007dd000000| Untracked |  0
|1378|0x00000007dd400000, 0x00000007dd800000, 0x00000007dd800000|100%|HS|  |TAMS 0x00000007dd400000| PB 0x00000007dd400000| Untracked |  0
|1379|0x00000007dd800000, 0x00000007ddc00000, 0x00000007ddc00000|100%|HC|  |TAMS 0x00000007dd800000| PB 0x00000007dd800000| Untracked |  0
|1380|0x00000007ddc00000, 0x00000007de000000, 0x00000007de000000|100%|HS|  |TAMS 0x00000007ddc00000| PB 0x00000007ddc00000| Untracked |  0
|1381|0x00000007de000000, 0x00000007de400000, 0x00000007de400000|100%|HC|  |TAMS 0x00000007de000000| PB 0x00000007de000000| Untracked |  0
|1382|0x00000007de400000, 0x00000007de800000, 0x00000007de800000|100%|HS|  |TAMS 0x00000007de400000| PB 0x00000007de400000| Untracked |  0
|1383|0x00000007de800000, 0x00000007dec00000, 0x00000007dec00000|100%|HC|  |TAMS 0x00000007de800000| PB 0x00000007de800000| Untracked |  0
|1384|0x00000007dec00000, 0x00000007df000000, 0x00000007df000000|100%|HS|  |TAMS 0x00000007dec00000| PB 0x00000007dec00000| Untracked |  0
|1385|0x00000007df000000, 0x00000007df400000, 0x00000007df400000|100%|HC|  |TAMS 0x00000007df000000| PB 0x00000007df000000| Untracked |  0
|1386|0x00000007df400000, 0x00000007df800000, 0x00000007df800000|100%|HS|  |TAMS 0x00000007df400000| PB 0x00000007df400000| Untracked |  0
|1387|0x00000007df800000, 0x00000007dfc00000, 0x00000007dfc00000|100%|HC|  |TAMS 0x00000007df800000| PB 0x00000007df800000| Untracked |  0
|1388|0x00000007dfc00000, 0x00000007e0000000, 0x00000007e0000000|100%|HS|  |TAMS 0x00000007dfc00000| PB 0x00000007dfc00000| Untracked |  0
|1389|0x00000007e0000000, 0x00000007e0400000, 0x00000007e0400000|100%|HC|  |TAMS 0x00000007e0000000| PB 0x00000007e0000000| Untracked |  0
|1390|0x00000007e0400000, 0x00000007e0800000, 0x00000007e0800000|100%|HS|  |TAMS 0x00000007e0400000| PB 0x00000007e0400000| Untracked |  0
|1391|0x00000007e0800000, 0x00000007e0c00000, 0x00000007e0c00000|100%|HC|  |TAMS 0x00000007e0800000| PB 0x00000007e0800000| Untracked |  0
|1392|0x00000007e0c00000, 0x00000007e1000000, 0x00000007e1000000|100%|HS|  |TAMS 0x00000007e0c00000| PB 0x00000007e0c00000| Untracked |  0
|1393|0x00000007e1000000, 0x00000007e1400000, 0x00000007e1400000|100%|HC|  |TAMS 0x00000007e1000000| PB 0x00000007e1000000| Untracked |  0
|1394|0x00000007e1400000, 0x00000007e1800000, 0x00000007e1800000|100%|HS|  |TAMS 0x00000007e1400000| PB 0x00000007e1400000| Untracked |  0
|1395|0x00000007e1800000, 0x00000007e1c00000, 0x00000007e1c00000|100%|HC|  |TAMS 0x00000007e1800000| PB 0x00000007e1800000| Untracked |  0
|1396|0x00000007e1c00000, 0x00000007e2000000, 0x00000007e2000000|100%|HS|  |TAMS 0x00000007e1c00000| PB 0x00000007e1c00000| Untracked |  0
|1397|0x00000007e2000000, 0x00000007e2400000, 0x00000007e2400000|100%|HC|  |TAMS 0x00000007e2000000| PB 0x00000007e2000000| Untracked |  0
|1398|0x00000007e2400000, 0x00000007e2800000, 0x00000007e2800000|100%|HS|  |TAMS 0x00000007e2400000| PB 0x00000007e2400000| Untracked |  0
|1399|0x00000007e2800000, 0x00000007e2c00000, 0x00000007e2c00000|100%|HC|  |TAMS 0x00000007e2800000| PB 0x00000007e2800000| Untracked |  0
|1400|0x00000007e2c00000, 0x00000007e3000000, 0x00000007e3000000|100%|HS|  |TAMS 0x00000007e2c00000| PB 0x00000007e2c00000| Untracked |  0
|1401|0x00000007e3000000, 0x00000007e3400000, 0x00000007e3400000|100%|HC|  |TAMS 0x00000007e3000000| PB 0x00000007e3000000| Untracked |  0
|1402|0x00000007e3400000, 0x00000007e3800000, 0x00000007e3800000|100%|HS|  |TAMS 0x00000007e3400000| PB 0x00000007e3400000| Untracked |  0
|1403|0x00000007e3800000, 0x00000007e3c00000, 0x00000007e3c00000|100%|HC|  |TAMS 0x00000007e3800000| PB 0x00000007e3800000| Untracked |  0
|1404|0x00000007e3c00000, 0x00000007e4000000, 0x00000007e4000000|100%|HS|  |TAMS 0x00000007e3c00000| PB 0x00000007e3c00000| Untracked |  0
|1405|0x00000007e4000000, 0x00000007e4400000, 0x00000007e4400000|100%|HC|  |TAMS 0x00000007e4000000| PB 0x00000007e4000000| Untracked |  0
|1406|0x00000007e4400000, 0x00000007e4800000, 0x00000007e4800000|100%|HS|  |TAMS 0x00000007e4400000| PB 0x00000007e4400000| Untracked |  0
|1407|0x00000007e4800000, 0x00000007e4c00000, 0x00000007e4c00000|100%|HC|  |TAMS 0x00000007e4800000| PB 0x00000007e4800000| Untracked |  0
|1408|0x00000007e4c00000, 0x00000007e5000000, 0x00000007e5000000|100%|HS|  |TAMS 0x00000007e4c00000| PB 0x00000007e4c00000| Untracked |  0
|1409|0x00000007e5000000, 0x00000007e5400000, 0x00000007e5400000|100%|HC|  |TAMS 0x00000007e5000000| PB 0x00000007e5000000| Untracked |  0
|1410|0x00000007e5400000, 0x00000007e5800000, 0x00000007e5800000|100%|HS|  |TAMS 0x00000007e5400000| PB 0x00000007e5400000| Untracked |  0
|1411|0x00000007e5800000, 0x00000007e5c00000, 0x00000007e5c00000|100%|HC|  |TAMS 0x00000007e5800000| PB 0x00000007e5800000| Untracked |  0
|1412|0x00000007e5c00000, 0x00000007e6000000, 0x00000007e6000000|100%|HS|  |TAMS 0x00000007e5c00000| PB 0x00000007e5c00000| Untracked |  0
|1413|0x00000007e6000000, 0x00000007e6400000, 0x00000007e6400000|100%|HC|  |TAMS 0x00000007e6000000| PB 0x00000007e6000000| Untracked |  0
|1414|0x00000007e6400000, 0x00000007e6800000, 0x00000007e6800000|100%|HS|  |TAMS 0x00000007e6400000| PB 0x00000007e6400000| Untracked |  0
|1415|0x00000007e6800000, 0x00000007e6c00000, 0x00000007e6c00000|100%|HC|  |TAMS 0x00000007e6800000| PB 0x00000007e6800000| Untracked |  0
|1416|0x00000007e6c00000, 0x00000007e7000000, 0x00000007e7000000|100%|HS|  |TAMS 0x00000007e6c00000| PB 0x00000007e6c00000| Untracked |  0
|1417|0x00000007e7000000, 0x00000007e7400000, 0x00000007e7400000|100%|HC|  |TAMS 0x00000007e7000000| PB 0x00000007e7000000| Untracked |  0
|1418|0x00000007e7400000, 0x00000007e7800000, 0x00000007e7800000|100%|HS|  |TAMS 0x00000007e7400000| PB 0x00000007e7400000| Untracked |  0
|1419|0x00000007e7800000, 0x00000007e7c00000, 0x00000007e7c00000|100%|HC|  |TAMS 0x00000007e7800000| PB 0x00000007e7800000| Untracked |  0
|1420|0x00000007e7c00000, 0x00000007e8000000, 0x00000007e8000000|100%|HS|  |TAMS 0x00000007e7c00000| PB 0x00000007e7c00000| Untracked |  0
|1421|0x00000007e8000000, 0x00000007e8400000, 0x00000007e8400000|100%|HC|  |TAMS 0x00000007e8000000| PB 0x00000007e8000000| Untracked |  0
|1422|0x00000007e8400000, 0x00000007e8800000, 0x00000007e8800000|100%|HS|  |TAMS 0x00000007e8400000| PB 0x00000007e8400000| Untracked |  0
|1423|0x00000007e8800000, 0x00000007e8c00000, 0x00000007e8c00000|100%|HC|  |TAMS 0x00000007e8800000| PB 0x00000007e8800000| Untracked |  0
|1424|0x00000007e8c00000, 0x00000007e9000000, 0x00000007e9000000|100%|HS|  |TAMS 0x00000007e8c00000| PB 0x00000007e8c00000| Untracked |  0
|1425|0x00000007e9000000, 0x00000007e9400000, 0x00000007e9400000|100%|HC|  |TAMS 0x00000007e9000000| PB 0x00000007e9000000| Untracked |  0
|1426|0x00000007e9400000, 0x00000007e9800000, 0x00000007e9800000|100%|HS|  |TAMS 0x00000007e9400000| PB 0x00000007e9400000| Untracked |  0
|1427|0x00000007e9800000, 0x00000007e9c00000, 0x00000007e9c00000|100%|HC|  |TAMS 0x00000007e9800000| PB 0x00000007e9800000| Untracked |  0
|1428|0x00000007e9c00000, 0x00000007ea000000, 0x00000007ea000000|100%|HS|  |TAMS 0x00000007e9c00000| PB 0x00000007e9c00000| Untracked |  0
|1429|0x00000007ea000000, 0x00000007ea400000, 0x00000007ea400000|100%|HC|  |TAMS 0x00000007ea000000| PB 0x00000007ea000000| Untracked |  0
|1430|0x00000007ea400000, 0x00000007ea800000, 0x00000007ea800000|100%|HS|  |TAMS 0x00000007ea400000| PB 0x00000007ea400000| Untracked |  0
|1431|0x00000007ea800000, 0x00000007eac00000, 0x00000007eac00000|100%|HC|  |TAMS 0x00000007ea800000| PB 0x00000007ea800000| Untracked |  0
|1432|0x00000007eac00000, 0x00000007eb000000, 0x00000007eb000000|100%|HS|  |TAMS 0x00000007eac00000| PB 0x00000007eac00000| Untracked |  0
|1433|0x00000007eb000000, 0x00000007eb400000, 0x00000007eb400000|100%|HC|  |TAMS 0x00000007eb000000| PB 0x00000007eb000000| Untracked |  0
|1434|0x00000007eb400000, 0x00000007eb7fffe0, 0x00000007eb800000| 99%| O|  |TAMS 0x00000007eb400000| PB 0x00000007eb400000| Untracked |  0
|1435|0x00000007eb800000, 0x00000007ebbfffe8, 0x00000007ebc00000| 99%| O|  |TAMS 0x00000007eb800000| PB 0x00000007eb800000| Untracked |  0
|1436|0x00000007ebc00000, 0x00000007ec000000, 0x00000007ec000000|100%|HS|  |TAMS 0x00000007ebc00000| PB 0x00000007ebc00000| Untracked |  0
|1437|0x00000007ec000000, 0x00000007ec400000, 0x00000007ec400000|100%|HC|  |TAMS 0x00000007ec000000| PB 0x00000007ec000000| Untracked |  0
|1438|0x00000007ec400000, 0x00000007ec800000, 0x00000007ec800000|100%|HS|  |TAMS 0x00000007ec400000| PB 0x00000007ec400000| Untracked |  0
|1439|0x00000007ec800000, 0x00000007ecc00000, 0x00000007ecc00000|100%|HC|  |TAMS 0x00000007ec800000| PB 0x00000007ec800000| Untracked |  0
|1440|0x00000007ecc00000, 0x00000007ed000000, 0x00000007ed000000|100%|HS|  |TAMS 0x00000007ecc00000| PB 0x00000007ecc00000| Untracked |  0
|1441|0x00000007ed000000, 0x00000007ed400000, 0x00000007ed400000|100%|HC|  |TAMS 0x00000007ed000000| PB 0x00000007ed000000| Untracked |  0
|1442|0x00000007ed400000, 0x00000007ed800000, 0x00000007ed800000|100%|HS|  |TAMS 0x00000007ed400000| PB 0x00000007ed400000| Untracked |  0
|1443|0x00000007ed800000, 0x00000007edc00000, 0x00000007edc00000|100%|HC|  |TAMS 0x00000007ed800000| PB 0x00000007ed800000| Untracked |  0
|1444|0x00000007edc00000, 0x00000007ee000000, 0x00000007ee000000|100%|HS|  |TAMS 0x00000007edc00000| PB 0x00000007edc00000| Untracked |  0
|1445|0x00000007ee000000, 0x00000007ee400000, 0x00000007ee400000|100%|HC|  |TAMS 0x00000007ee000000| PB 0x00000007ee000000| Untracked |  0
|1446|0x00000007ee400000, 0x00000007ee7fffe0, 0x00000007ee800000| 99%| O|  |TAMS 0x00000007ee400000| PB 0x00000007ee400000| Untracked |  0
|1447|0x00000007ee800000, 0x00000007eec00000, 0x00000007eec00000|100%| O|  |TAMS 0x00000007ee800000| PB 0x00000007ee800000| Untracked |  0
|1448|0x00000007eec00000, 0x00000007eeffffe0, 0x00000007ef000000| 99%| O|  |TAMS 0x00000007eec00000| PB 0x00000007eec00000| Untracked |  0
|1449|0x00000007ef000000, 0x00000007ef400000, 0x00000007ef400000|100%| O|  |TAMS 0x00000007ef000000| PB 0x00000007ef000000| Untracked |  0
|1450|0x00000007ef400000, 0x00000007ef800000, 0x00000007ef800000|100%|HS|  |TAMS 0x00000007ef400000| PB 0x00000007ef400000| Untracked |  0
|1451|0x00000007ef800000, 0x00000007efc00000, 0x00000007efc00000|100%|HC|  |TAMS 0x00000007ef800000| PB 0x00000007ef800000| Untracked |  0
|1452|0x00000007efc00000, 0x00000007f0000000, 0x00000007f0000000|100%|HS|  |TAMS 0x00000007efc00000| PB 0x00000007efc00000| Untracked |  0
|1453|0x00000007f0000000, 0x00000007f0400000, 0x00000007f0400000|100%|HC|  |TAMS 0x00000007f0000000| PB 0x00000007f0000000| Untracked |  0
|1454|0x00000007f0400000, 0x00000007f0800000, 0x00000007f0800000|100%|HS|  |TAMS 0x00000007f0400000| PB 0x00000007f0400000| Untracked |  0
|1455|0x00000007f0800000, 0x00000007f0c00000, 0x00000007f0c00000|100%|HC|  |TAMS 0x00000007f0800000| PB 0x00000007f0800000| Untracked |  0
|1456|0x00000007f0c00000, 0x00000007f1000000, 0x00000007f1000000|100%|HS|  |TAMS 0x00000007f0c00000| PB 0x00000007f0c00000| Untracked |  0
|1457|0x00000007f1000000, 0x00000007f1400000, 0x00000007f1400000|100%|HC|  |TAMS 0x00000007f1000000| PB 0x00000007f1000000| Untracked |  0
|1458|0x00000007f1400000, 0x00000007f1800000, 0x00000007f1800000|100%|HS|  |TAMS 0x00000007f1400000| PB 0x00000007f1400000| Untracked |  0
|1459|0x00000007f1800000, 0x00000007f1c00000, 0x00000007f1c00000|100%|HC|  |TAMS 0x00000007f1800000| PB 0x00000007f1800000| Untracked |  0
|1460|0x00000007f1c00000, 0x00000007f1ffffe0, 0x00000007f2000000| 99%| O|  |TAMS 0x00000007f1c00000| PB 0x00000007f1c00000| Untracked |  0
|1461|0x00000007f2000000, 0x00000007f23fe1c8, 0x00000007f2400000| 99%| O|  |TAMS 0x00000007f2000000| PB 0x00000007f2000000| Untracked |  0
|1462|0x00000007f2400000, 0x00000007f27fd180, 0x00000007f2800000| 99%| O|  |TAMS 0x00000007f2400000| PB 0x00000007f2400000| Untracked |  0
|1463|0x00000007f2800000, 0x00000007f2bfffd0, 0x00000007f2c00000| 99%| O|  |TAMS 0x00000007f2800000| PB 0x00000007f2800000| Untracked |  0
|1464|0x00000007f2c00000, 0x00000007f3000000, 0x00000007f3000000|100%|HS|  |TAMS 0x00000007f2c00000| PB 0x00000007f2c00000| Untracked |  0
|1465|0x00000007f3000000, 0x00000007f3400000, 0x00000007f3400000|100%|HC|  |TAMS 0x00000007f3000000| PB 0x00000007f3000000| Untracked |  0
|1466|0x00000007f3400000, 0x00000007f3800000, 0x00000007f3800000|100%|HS|  |TAMS 0x00000007f3400000| PB 0x00000007f3400000| Untracked |  0
|1467|0x00000007f3800000, 0x00000007f3c00000, 0x00000007f3c00000|100%|HC|  |TAMS 0x00000007f3800000| PB 0x00000007f3800000| Untracked |  0
|1468|0x00000007f3c00000, 0x00000007f4000000, 0x00000007f4000000|100%|HS|  |TAMS 0x00000007f3c00000| PB 0x00000007f3c00000| Untracked |  0
|1469|0x00000007f4000000, 0x00000007f4400000, 0x00000007f4400000|100%|HC|  |TAMS 0x00000007f4000000| PB 0x00000007f4000000| Untracked |  0
|1470|0x00000007f4400000, 0x00000007f4800000, 0x00000007f4800000|100%|HS|  |TAMS 0x00000007f4400000| PB 0x00000007f4400000| Untracked |  0
|1471|0x00000007f4800000, 0x00000007f4c00000, 0x00000007f4c00000|100%|HC|  |TAMS 0x00000007f4800000| PB 0x00000007f4800000| Untracked |  0
|1472|0x00000007f4c00000, 0x00000007f5000000, 0x00000007f5000000|100%|HS|  |TAMS 0x00000007f4c00000| PB 0x00000007f4c00000| Untracked |  0
|1473|0x00000007f5000000, 0x00000007f5400000, 0x00000007f5400000|100%|HC|  |TAMS 0x00000007f5000000| PB 0x00000007f5000000| Untracked |  0
|1474|0x00000007f5400000, 0x00000007f5800000, 0x00000007f5800000|100%|HS|  |TAMS 0x00000007f5400000| PB 0x00000007f5400000| Untracked |  0
|1475|0x00000007f5800000, 0x00000007f5c00000, 0x00000007f5c00000|100%|HC|  |TAMS 0x00000007f5800000| PB 0x00000007f5800000| Untracked |  0
|1476|0x00000007f5c00000, 0x00000007f6000000, 0x00000007f6000000|100%|HS|  |TAMS 0x00000007f5c00000| PB 0x00000007f5c00000| Untracked |  0
|1477|0x00000007f6000000, 0x00000007f6400000, 0x00000007f6400000|100%|HC|  |TAMS 0x00000007f6000000| PB 0x00000007f6000000| Untracked |  0
|1478|0x00000007f6400000, 0x00000007f6800000, 0x00000007f6800000|100%|HS|  |TAMS 0x00000007f6400000| PB 0x00000007f6400000| Untracked |  0
|1479|0x00000007f6800000, 0x00000007f6c00000, 0x00000007f6c00000|100%|HC|  |TAMS 0x00000007f6800000| PB 0x00000007f6800000| Untracked |  0
|1480|0x00000007f6c00000, 0x00000007f7000000, 0x00000007f7000000|100%|HS|  |TAMS 0x00000007f6c00000| PB 0x00000007f6c00000| Untracked |  0
|1481|0x00000007f7000000, 0x00000007f7400000, 0x00000007f7400000|100%|HC|  |TAMS 0x00000007f7000000| PB 0x00000007f7000000| Untracked |  0
|1482|0x00000007f7400000, 0x00000007f7800000, 0x00000007f7800000|100%|HS|  |TAMS 0x00000007f7400000| PB 0x00000007f7400000| Untracked |  0
|1483|0x00000007f7800000, 0x00000007f7c00000, 0x00000007f7c00000|100%|HC|  |TAMS 0x00000007f7800000| PB 0x00000007f7800000| Untracked |  0
|1484|0x00000007f7c00000, 0x00000007f8000000, 0x00000007f8000000|100%|HS|  |TAMS 0x00000007f7c00000| PB 0x00000007f7c00000| Untracked |  0
|1485|0x00000007f8000000, 0x00000007f8400000, 0x00000007f8400000|100%|HC|  |TAMS 0x00000007f8000000| PB 0x00000007f8000000| Untracked |  0
|1486|0x00000007f8400000, 0x00000007f8800000, 0x00000007f8800000|100%|HS|  |TAMS 0x00000007f8400000| PB 0x00000007f8400000| Untracked |  0
|1487|0x00000007f8800000, 0x00000007f8c00000, 0x00000007f8c00000|100%|HC|  |TAMS 0x00000007f8800000| PB 0x00000007f8800000| Untracked |  0
|1488|0x00000007f8c00000, 0x00000007f9000000, 0x00000007f9000000|100%|HS|  |TAMS 0x00000007f8c00000| PB 0x00000007f8c00000| Untracked |  0
|1489|0x00000007f9000000, 0x00000007f9400000, 0x00000007f9400000|100%|HC|  |TAMS 0x00000007f9000000| PB 0x00000007f9000000| Untracked |  0
|1490|0x00000007f9400000, 0x00000007f9800000, 0x00000007f9800000|100%|HS|  |TAMS 0x00000007f9400000| PB 0x00000007f9400000| Untracked |  0
|1491|0x00000007f9800000, 0x00000007f9c00000, 0x00000007f9c00000|100%|HC|  |TAMS 0x00000007f9800000| PB 0x00000007f9800000| Untracked |  0
|1492|0x00000007f9c00000, 0x00000007fa000000, 0x00000007fa000000|100%|HS|  |TAMS 0x00000007f9c00000| PB 0x00000007f9c00000| Untracked |  0
|1493|0x00000007fa000000, 0x00000007fa400000, 0x00000007fa400000|100%|HC|  |TAMS 0x00000007fa000000| PB 0x00000007fa000000| Untracked |  0
|1494|0x00000007fa400000, 0x00000007fa800000, 0x00000007fa800000|100%|HS|  |TAMS 0x00000007fa400000| PB 0x00000007fa400000| Untracked |  0
|1495|0x00000007fa800000, 0x00000007fac00000, 0x00000007fac00000|100%|HC|  |TAMS 0x00000007fa800000| PB 0x00000007fa800000| Untracked |  0
|1496|0x00000007fac00000, 0x00000007faffff70, 0x00000007fb000000| 99%| O|  |TAMS 0x00000007fac00000| PB 0x00000007fac00000| Untracked |  0
|1497|0x00000007fb000000, 0x00000007fb400000, 0x00000007fb400000|100%| O|  |TAMS 0x00000007fb000000| PB 0x00000007fb000000| Untracked |  0
|1498|0x00000007fb400000, 0x00000007fb800000, 0x00000007fb800000|100%|HS|  |TAMS 0x00000007fb400000| PB 0x00000007fb400000| Untracked |  0
|1499|0x00000007fb800000, 0x00000007fbc00000, 0x00000007fbc00000|100%|HC|  |TAMS 0x00000007fb800000| PB 0x00000007fb800000| Untracked |  0
|1500|0x00000007fbc00000, 0x00000007fc000000, 0x00000007fc000000|100%|HS|  |TAMS 0x00000007fbc00000| PB 0x00000007fbc00000| Untracked |  0
|1501|0x00000007fc000000, 0x00000007fc400000, 0x00000007fc400000|100%|HC|  |TAMS 0x00000007fc000000| PB 0x00000007fc000000| Untracked |  0
|1502|0x00000007fc400000, 0x00000007fc800000, 0x00000007fc800000|100%|HS|  |TAMS 0x00000007fc400000| PB 0x00000007fc400000| Untracked |  0
|1503|0x00000007fc800000, 0x00000007fcc00000, 0x00000007fcc00000|100%|HC|  |TAMS 0x00000007fc800000| PB 0x00000007fc800000| Untracked |  0
|1504|0x00000007fcc00000, 0x00000007fd000000, 0x00000007fd000000|100%|HS|  |TAMS 0x00000007fcc00000| PB 0x00000007fcc00000| Untracked |  0
|1505|0x00000007fd000000, 0x00000007fd400000, 0x00000007fd400000|100%|HC|  |TAMS 0x00000007fd000000| PB 0x00000007fd000000| Untracked |  0
|1506|0x00000007fd400000, 0x00000007fd800000, 0x00000007fd800000|100%|HS|  |TAMS 0x00000007fd400000| PB 0x00000007fd400000| Untracked |  0
|1507|0x00000007fd800000, 0x00000007fdc00000, 0x00000007fdc00000|100%|HC|  |TAMS 0x00000007fd800000| PB 0x00000007fd800000| Untracked |  0
|1508|0x00000007fdc00000, 0x00000007fe000000, 0x00000007fe000000|100%|HS|  |TAMS 0x00000007fdc00000| PB 0x00000007fdc00000| Untracked |  0
|1509|0x00000007fe000000, 0x00000007fe400000, 0x00000007fe400000|100%|HC|  |TAMS 0x00000007fe000000| PB 0x00000007fe000000| Untracked |  0
|1510|0x00000007fe400000, 0x00000007fe800000, 0x00000007fe800000|100%|HS|  |TAMS 0x00000007fe400000| PB 0x00000007fe400000| Untracked |  0
|1511|0x00000007fe800000, 0x00000007fec00000, 0x00000007fec00000|100%|HC|  |TAMS 0x00000007fe800000| PB 0x00000007fe800000| Untracked |  0
|1512|0x00000007fec00000, 0x00000007ff000000, 0x00000007ff000000|100%|HS|  |TAMS 0x00000007fec00000| PB 0x00000007fec00000| Untracked |  0
|1513|0x00000007ff000000, 0x00000007ff400000, 0x00000007ff400000|100%|HC|  |TAMS 0x00000007ff000000| PB 0x00000007ff000000| Untracked |  0
|1514|0x00000007ff400000, 0x00000007ff800000, 0x00000007ff800000|100%|HS|  |TAMS 0x00000007ff400000| PB 0x00000007ff400000| Untracked |  0
|1515|0x00000007ff800000, 0x00000007ffc00000, 0x00000007ffc00000|100%|HC|  |TAMS 0x00000007ff800000| PB 0x00000007ff800000| Untracked |  0
|1516|0x00000007ffc00000, 0x00000007ffc082b0, 0x0000000800000000|  0%| O|  |TAMS 0x00000007ffc00000| PB 0x00000007ffc00000| Untracked |  0

Card table byte_map: [0x0000027d7dcb0000,0x0000027d7e890000] _byte_map_base: 0x0000027d7a88a000

Marking Bits: (CMBitMap*) 0x0000027d65592ef0
 Bits: [0x0000027d00000000, 0x0000027d05ed0000)

Polling page: 0x0000027d634c0000

Metaspace:
Metaspace        used 29181K, committed 29568K, reserved 1114112K
 class space     used 3731K, committed 3904K, reserved 1048576K

Usage:
  Non-class:     24.85 MB used.
      Class:      3.64 MB used.
       Both:     28.50 MB used.

Virtual space:
  Non-class space:       64.00 MB reserved,      25.06 MB ( 39%) committed,  1 nodes.
      Class space:        1.00 GB reserved,       3.81 MB ( <1%) committed,  1 nodes.
             Both:        1.06 GB reserved,      28.88 MB (  3%) committed. 

Chunk freelists:
   Non-Class:  6.65 MB
       Class:  12.21 MB
        Both:  18.85 MB

MaxMetaspaceSize: unlimited
CompressedClassSpaceSize: 1.00 GB
Initial GC threshold: 21.00 MB
Current GC threshold: 48.12 MB
CDS: on
 - commit_granule_bytes: 65536.
 - commit_granule_words: 8192.
 - virtual_space_node_default_size: 8388608.
 - enlarge_chunks_in_place: 1.
UseCompressedClassPointers 1, UseCompactObjectHeaders 0
Narrow klass pointer bits 32, Max shift 3
Narrow klass base: 0x0000000095000000, Narrow klass shift: 0
Encoding Range: [0x0000000095000000 - 0x0000000195000000), (4294967296 bytes)
Klass Range:    [0x0000000095010000 - 0x00000000d6000000), (1090453504 bytes)
Klass ID Range:  [65536 - 1090519033) (1090453497)
Protection zone: [0x0000000095000000 - 0x0000000095010000), (65536 bytes)


Internal statistics:

num_allocs_failed_limit: 3.
num_arena_births: 454.
num_arena_deaths: 150.
num_vsnodes_births: 2.
num_vsnodes_deaths: 0.
num_space_committed: 462.
num_space_uncommitted: 0.
num_chunks_returned_to_freelist: 172.
num_chunks_taken_from_freelist: 1314.
num_chunk_merges: 27.
num_chunk_splits: 831.
num_chunks_enlarged: 608.
num_inconsistent_stats: 0.

CodeHeap 'non-profiled nmethods': size=120064Kb used=4847Kb max_used=4853Kb free=115216Kb
 bounds [0x0000027d75860000, 0x0000027d75d30000, 0x0000027d7cda0000]
CodeHeap 'profiled nmethods': size=120000Kb used=12664Kb max_used=14573Kb free=107335Kb
 bounds [0x0000027d6dda0000, 0x0000027d6ec10000, 0x0000027d752d0000]
CodeHeap 'non-nmethods': size=5696Kb used=1819Kb max_used=1956Kb free=3876Kb
 bounds [0x0000027d752d0000, 0x0000027d75540000, 0x0000027d75860000]
CodeCache: size=245760Kb, used=19330Kb, max_used=21382Kb, free=226427Kb
 total_blobs=9100, nmethods=8166, adapters=836, full_count=0
Compilation: enabled, stopped_count=0, restarted_count=0

Compilation events (20 events):
Event: 995.186 Thread 0x0000027d7ed713c0 10370       3       java.util.ArrayList::shiftTailOverGap (53 bytes)
Event: 995.186 Thread 0x0000027d7ed713c0 nmethod 10370 0x0000027d6e2cd988 code [0x0000027d6e2cda80, 0x0000027d6e2cdea8]
Event: 995.186 Thread 0x0000027d7ed713c0 10369       3       java.util.ArrayList::removeRange (39 bytes)
Event: 995.187 Thread 0x0000027d7ed713c0 nmethod 10369 0x0000027d6de0db88 code [0x0000027d6de0dc80, 0x0000027d6de0e7d0]
Event: 995.190 Thread 0x0000027d7ed67d30 10371       4       com.sun.javafx.scene.control.behavior.TextBinding::isSimpleMnemonic (51 bytes)
Event: 995.192 Thread 0x0000027d7ed67d30 nmethod 10371 0x0000027d75d15888 code [0x0000027d75d15980, 0x0000027d75d15af8]
Event: 995.192 Thread 0x0000027d7ed67d30 10372       4       javafx.scene.layout.Region::heightChanged (49 bytes)
Event: 995.197 Thread 0x0000027d7ed67d30 nmethod 10372 0x0000027d759ff608 code [0x0000027d759ff700, 0x0000027d75a002c8]
Event: 996.706 Thread 0x0000027d7ed713c0 10373       3       java.lang.invoke.LambdaForm$MH/0x000000009604c800::invoke (25 bytes)
Event: 996.706 Thread 0x0000027d7ed713c0 nmethod 10373 0x0000027d6e878808 code [0x0000027d6e878900, 0x0000027d6e878dc0]
Event: 1003.186 Thread 0x0000027d7ed67d30 10374       4       sun.nio.cs.UTF_8::updatePositions (23 bytes)
Event: 1003.189 Thread 0x0000027d7ed67d30 nmethod 10374 0x0000027d759ff008 code [0x0000027d759ff100, 0x0000027d759ff5b8]
Event: 1003.202 Thread 0x0000027d7ed67d30 10375       4       javafx.beans.property.ObjectPropertyBase::bind (71 bytes)
Event: 1003.204 Thread 0x0000027d7ed67d30 nmethod 10375 0x0000027d75d15188 code [0x0000027d75d15280, 0x0000027d75d15870]
Event: 1003.204 Thread 0x0000027d7ed67d30 10376       4       javafx.scene.layout.HBox::adjustAreaWidths (169 bytes)
Event: 1003.234 Thread 0x0000027d7ed67d30 nmethod 10376 0x0000027d75d1db08 code [0x0000027d75d1dc20, 0x0000027d75d20278]
Event: 1005.877 Thread 0x0000027d7ed713c0 10377       3       jdk.internal.misc.Blocker::end (16 bytes)
Event: 1005.878 Thread 0x0000027d7ed713c0 nmethod 10377 0x0000027d6e02da08 code [0x0000027d6e02db00, 0x0000027d6e02de40]
Event: 1008.042 Thread 0x0000027d7ed713c0 10378       3       com.sun.javafx.tk.quantum.QuantumToolkit$$Lambda/0x0000000096074668::run (8 bytes)
Event: 1008.042 Thread 0x0000027d7ed713c0 nmethod 10378 0x0000027d6e326d88 code [0x0000027d6e326e80, 0x0000027d6e3273f8]

GC Heap Usage History (20 events):
Event: 1074.897 {heap Before GC invocations=558 (full 305):
 garbage-first heap   total reserved 6213632K, committed 6213632K, used 6209512K [0x0000000684c00000, 0x0000000800000000)
  region size 4096K, 0 young (0K), 0 survivors (0K)
}
Event: 1074.948 {heap After GC invocations=559 (full 306):
 garbage-first heap   total reserved 6213632K, committed 6213632K, used 6209512K [0x0000000684c00000, 0x0000000800000000)
  region size 4096K, 0 young (0K), 0 survivors (0K)
}
Event: 1074.948 {heap Before GC invocations=559 (full 306):
 garbage-first heap   total reserved 6213632K, committed 6213632K, used 6209512K [0x0000000684c00000, 0x0000000800000000)
  region size 4096K, 0 young (0K), 0 survivors (0K)
}
Event: 1074.949 {heap After GC invocations=560 (full 306):
 garbage-first heap   total reserved 6213632K, committed 6213632K, used 6209512K [0x0000000684c00000, 0x0000000800000000)
  region size 4096K, 0 young (0K), 0 survivors (0K)
}
Event: 1074.949 {heap Before GC invocations=560 (full 306):
 garbage-first heap   total reserved 6213632K, committed 6213632K, used 6209512K [0x0000000684c00000, 0x0000000800000000)
  region size 4096K, 0 young (0K), 0 survivors (0K)
}
Event: 1074.994 {heap After GC invocations=561 (full 307):
 garbage-first heap   total reserved 6213632K, committed 6213632K, used 6209512K [0x0000000684c00000, 0x0000000800000000)
  region size 4096K, 0 young (0K), 0 survivors (0K)
}
Event: 1074.994 {heap Before GC invocations=561 (full 307):
 garbage-first heap   total reserved 6213632K, committed 6213632K, used 6209512K [0x0000000684c00000, 0x0000000800000000)
  region size 4096K, 0 young (0K), 0 survivors (0K)
}
Event: 1075.049 {heap After GC invocations=562 (full 308):
 garbage-first heap   total reserved 6213632K, committed 6213632K, used 6209512K [0x0000000684c00000, 0x0000000800000000)
  region size 4096K, 0 young (0K), 0 survivors (0K)
}
Event: 1075.049 {heap Before GC invocations=562 (full 308):
 garbage-first heap   total reserved 6213632K, committed 6213632K, used 6209512K [0x0000000684c00000, 0x0000000800000000)
  region size 4096K, 0 young (0K), 0 survivors (0K)
}
Event: 1075.050 {heap After GC invocations=563 (full 308):
 garbage-first heap   total reserved 6213632K, committed 6213632K, used 6209512K [0x0000000684c00000, 0x0000000800000000)
  region size 4096K, 0 young (0K), 0 survivors (0K)
}
Event: 1075.050 {heap Before GC invocations=563 (full 308):
 garbage-first heap   total reserved 6213632K, committed 6213632K, used 6209512K [0x0000000684c00000, 0x0000000800000000)
  region size 4096K, 0 young (0K), 0 survivors (0K)
}
Event: 1075.091 {heap After GC invocations=564 (full 309):
 garbage-first heap   total reserved 6213632K, committed 6213632K, used 6209512K [0x0000000684c00000, 0x0000000800000000)
  region size 4096K, 0 young (0K), 0 survivors (0K)
}
Event: 1075.091 {heap Before GC invocations=564 (full 309):
 garbage-first heap   total reserved 6213632K, committed 6213632K, used 6209512K [0x0000000684c00000, 0x0000000800000000)
  region size 4096K, 0 young (0K), 0 survivors (0K)
}
Event: 1075.142 {heap After GC invocations=565 (full 310):
 garbage-first heap   total reserved 6213632K, committed 6213632K, used 6209512K [0x0000000684c00000, 0x0000000800000000)
  region size 4096K, 0 young (0K), 0 survivors (0K)
}
Event: 1075.142 {heap Before GC invocations=565 (full 310):
 garbage-first heap   total reserved 6213632K, committed 6213632K, used 6209512K [0x0000000684c00000, 0x0000000800000000)
  region size 4096K, 0 young (0K), 0 survivors (0K)
}
Event: 1075.143 {heap After GC invocations=566 (full 310):
 garbage-first heap   total reserved 6213632K, committed 6213632K, used 6209512K [0x0000000684c00000, 0x0000000800000000)
  region size 4096K, 0 young (0K), 0 survivors (0K)
}
Event: 1075.143 {heap Before GC invocations=566 (full 310):
 garbage-first heap   total reserved 6213632K, committed 6213632K, used 6209512K [0x0000000684c00000, 0x0000000800000000)
  region size 4096K, 0 young (0K), 0 survivors (0K)
}
Event: 1075.188 {heap After GC invocations=567 (full 311):
 garbage-first heap   total reserved 6213632K, committed 6213632K, used 6209512K [0x0000000684c00000, 0x0000000800000000)
  region size 4096K, 0 young (0K), 0 survivors (0K)
}
Event: 1075.188 {heap Before GC invocations=567 (full 311):
 garbage-first heap   total reserved 6213632K, committed 6213632K, used 6209512K [0x0000000684c00000, 0x0000000800000000)
  region size 4096K, 0 young (0K), 0 survivors (0K)
}
Event: 1075.243 {heap After GC invocations=568 (full 312):
 garbage-first heap   total reserved 6213632K, committed 6213632K, used 6209512K [0x0000000684c00000, 0x0000000800000000)
  region size 4096K, 0 young (0K), 0 survivors (0K)
}

Metaspace Usage History (20 events):
Event: 1074.897 {metaspace Before GC invocations=558 (full 305):
 Metaspace       used 29181K, committed 29568K, reserved 1114112K
  class space    used 3731K, committed 3904K, reserved 1048576K
}
Event: 1074.948 {metaspace After GC invocations=559 (full 306):
 Metaspace       used 29181K, committed 29568K, reserved 1114112K
  class space    used 3731K, committed 3904K, reserved 1048576K
}
Event: 1074.948 {metaspace Before GC invocations=559 (full 306):
 Metaspace       used 29181K, committed 29568K, reserved 1114112K
  class space    used 3731K, committed 3904K, reserved 1048576K
}
Event: 1074.949 {metaspace After GC invocations=560 (full 306):
 Metaspace       used 29181K, committed 29568K, reserved 1114112K
  class space    used 3731K, committed 3904K, reserved 1048576K
}
Event: 1074.949 {metaspace Before GC invocations=560 (full 306):
 Metaspace       used 29181K, committed 29568K, reserved 1114112K
  class space    used 3731K, committed 3904K, reserved 1048576K
}
Event: 1074.994 {metaspace After GC invocations=561 (full 307):
 Metaspace       used 29181K, committed 29568K, reserved 1114112K
  class space    used 3731K, committed 3904K, reserved 1048576K
}
Event: 1074.994 {metaspace Before GC invocations=561 (full 307):
 Metaspace       used 29181K, committed 29568K, reserved 1114112K
  class space    used 3731K, committed 3904K, reserved 1048576K
}
Event: 1075.049 {metaspace After GC invocations=562 (full 308):
 Metaspace       used 29181K, committed 29568K, reserved 1114112K
  class space    used 3731K, committed 3904K, reserved 1048576K
}
Event: 1075.049 {metaspace Before GC invocations=562 (full 308):
 Metaspace       used 29181K, committed 29568K, reserved 1114112K
  class space    used 3731K, committed 3904K, reserved 1048576K
}
Event: 1075.050 {metaspace After GC invocations=563 (full 308):
 Metaspace       used 29181K, committed 29568K, reserved 1114112K
  class space    used 3731K, committed 3904K, reserved 1048576K
}
Event: 1075.050 {metaspace Before GC invocations=563 (full 308):
 Metaspace       used 29181K, committed 29568K, reserved 1114112K
  class space    used 3731K, committed 3904K, reserved 1048576K
}
Event: 1075.091 {metaspace After GC invocations=564 (full 309):
 Metaspace       used 29181K, committed 29568K, reserved 1114112K
  class space    used 3731K, committed 3904K, reserved 1048576K
}
Event: 1075.091 {metaspace Before GC invocations=564 (full 309):
 Metaspace       used 29181K, committed 29568K, reserved 1114112K
  class space    used 3731K, committed 3904K, reserved 1048576K
}
Event: 1075.142 {metaspace After GC invocations=565 (full 310):
 Metaspace       used 29181K, committed 29568K, reserved 1114112K
  class space    used 3731K, committed 3904K, reserved 1048576K
}
Event: 1075.142 {metaspace Before GC invocations=565 (full 310):
 Metaspace       used 29181K, committed 29568K, reserved 1114112K
  class space    used 3731K, committed 3904K, reserved 1048576K
}
Event: 1075.143 {metaspace After GC invocations=566 (full 310):
 Metaspace       used 29181K, committed 29568K, reserved 1114112K
  class space    used 3731K, committed 3904K, reserved 1048576K
}
Event: 1075.143 {metaspace Before GC invocations=566 (full 310):
 Metaspace       used 29181K, committed 29568K, reserved 1114112K
  class space    used 3731K, committed 3904K, reserved 1048576K
}
Event: 1075.188 {metaspace After GC invocations=567 (full 311):
 Metaspace       used 29181K, committed 29568K, reserved 1114112K
  class space    used 3731K, committed 3904K, reserved 1048576K
}
Event: 1075.188 {metaspace Before GC invocations=567 (full 311):
 Metaspace       used 29181K, committed 29568K, reserved 1114112K
  class space    used 3731K, committed 3904K, reserved 1048576K
}
Event: 1075.244 {metaspace After GC invocations=568 (full 312):
 Metaspace       used 29181K, committed 29568K, reserved 1114112K
  class space    used 3731K, committed 3904K, reserved 1048576K
}

Dll operation events (20 events):
Event: 0.332 Loaded shared library C:\Users\User\.openjfx\cache\17.0.8\api-ms-win-crt-math-l1-1-0.dll
Event: 0.336 Loaded shared library C:\Users\User\.openjfx\cache\17.0.8\api-ms-win-crt-multibyte-l1-1-0.dll
Event: 0.340 Loaded shared library C:\Users\User\.openjfx\cache\17.0.8\api-ms-win-crt-private-l1-1-0.dll
Event: 0.343 Loaded shared library C:\Users\User\.openjfx\cache\17.0.8\api-ms-win-crt-process-l1-1-0.dll
Event: 0.346 Loaded shared library C:\Users\User\.openjfx\cache\17.0.8\api-ms-win-crt-runtime-l1-1-0.dll
Event: 0.349 Loaded shared library C:\Users\User\.openjfx\cache\17.0.8\api-ms-win-crt-stdio-l1-1-0.dll
Event: 0.353 Loaded shared library C:\Users\User\.openjfx\cache\17.0.8\api-ms-win-crt-string-l1-1-0.dll
Event: 0.357 Loaded shared library C:\Users\User\.openjfx\cache\17.0.8\api-ms-win-crt-time-l1-1-0.dll
Event: 0.361 Loaded shared library C:\Users\User\.openjfx\cache\17.0.8\api-ms-win-crt-utility-l1-1-0.dll
Event: 0.374 Loaded shared library C:\Users\User\.openjfx\cache\17.0.8\ucrtbase.dll
Event: 0.378 Loaded shared library C:\Users\User\.openjfx\cache\17.0.8\vcruntime140.dll
Event: 0.382 Loaded shared library C:\Users\User\.openjfx\cache\17.0.8\vcruntime140_1.dll
Event: 0.391 Loaded shared library C:\Users\User\.openjfx\cache\17.0.8\msvcp140.dll
Event: 0.395 Loaded shared library C:\Users\User\.openjfx\cache\17.0.8\msvcp140_1.dll
Event: 0.400 Loaded shared library C:\Users\User\.openjfx\cache\17.0.8\msvcp140_2.dll
Event: 0.439 Loaded shared library C:\Users\User\.openjfx\cache\17.0.8\prism_d3d.dll
Event: 0.576 Loaded shared library C:\Users\User\.openjfx\cache\17.0.8\glass.dll
Event: 0.923 Loaded shared library C:\Users\User\.openjfx\cache\17.0.8\javafx_font.dll
Event: 11.874 Loaded shared library C:\Program Files\Java\jdk-25.0.2\bin\extnet.dll
Event: 278.178 Loaded shared library C:\Program Files\Java\jdk-25.0.2\bin\sunmscapi.dll

Deoptimization events (20 events):
Event: 987.168 Thread 0x0000027d0cccf280 Uncommon trap: trap_request=0xffffff45 fr.pc=0x0000027d759dcc30 relative=0x00000000000002b0
Event: 987.168 Thread 0x0000027d0cccf280 Uncommon trap: reason=unstable_if action=reinterpret pc=0x0000027d759dcc30 method=java.lang.ref.SoftReference.get()Ljava/lang/Object; @ 6 c2
Event: 987.168 Thread 0x0000027d0cccf280 DEOPT PACKING pc=0x0000027d759dcc30 sp=0x000000f0a22fcf00
Event: 987.168 Thread 0x0000027d0cccf280 DEOPT UNPACKING pc=0x0000027d753efc02 sp=0x000000f0a22fcdd0 mode 2
Event: 987.170 Thread 0x0000027d0cccf280 Uncommon trap: trap_request=0xffffff45 fr.pc=0x0000027d75a92fa4 relative=0x0000000000001d24
Event: 987.170 Thread 0x0000027d0cccf280 Uncommon trap: reason=unstable_if action=reinterpret pc=0x0000027d75a92fa4 method=java.lang.ref.SoftReference.get()Ljava/lang/Object; @ 6 c2
Event: 987.170 Thread 0x0000027d0cccf280 DEOPT PACKING pc=0x0000027d75a92fa4 sp=0x000000f0a22fd0d0
Event: 987.170 Thread 0x0000027d0cccf280 DEOPT UNPACKING pc=0x0000027d753efc02 sp=0x000000f0a22fce80 mode 2
Event: 1006.533 Thread 0x0000027d0ccfea60 Uncommon trap: trap_request=0xffffff95 fr.pc=0x0000027d75b25498 relative=0x0000000000000318
Event: 1006.533 Thread 0x0000027d0ccfea60 Uncommon trap: reason=unreached action=reinterpret pc=0x0000027d75b25498 method=com.sun.javafx.tk.quantum.QuantumToolkit.lambda$runToolkit$12()V @ 7 c2
Event: 1006.533 Thread 0x0000027d0ccfea60 DEOPT PACKING pc=0x0000027d75b25498 sp=0x000000f0a1dff250
Event: 1006.533 Thread 0x0000027d0ccfea60 DEOPT UNPACKING pc=0x0000027d753efc02 sp=0x000000f0a1dff180 mode 2
Event: 1070.690 Thread 0x0000027d0cccf280 Uncommon trap: trap_request=0xffffff95 fr.pc=0x0000027d75964dcc relative=0x00000000000004cc
Event: 1070.690 Thread 0x0000027d0cccf280 Uncommon trap: reason=unreached action=reinterpret pc=0x0000027d75964dcc method=com.sun.javafx.tk.quantum.QuantumToolkit.runWithoutRenderLock(Ljava/util/function/Supplier;)Ljava/lang/Object; @ 36 c2
Event: 1070.690 Thread 0x0000027d0cccf280 DEOPT PACKING pc=0x0000027d75964dcc sp=0x000000f0a22feb60
Event: 1070.690 Thread 0x0000027d0cccf280 DEOPT UNPACKING pc=0x0000027d753efc02 sp=0x000000f0a22fe968 mode 2
Event: 1071.084 Thread 0x0000027d0cccf280 Uncommon trap: trap_request=0xffffff95 fr.pc=0x0000027d75b85798 relative=0x0000000000000498
Event: 1071.084 Thread 0x0000027d0cccf280 Uncommon trap: reason=unreached action=reinterpret pc=0x0000027d75b85798 method=com.sun.javafx.tk.quantum.QuantumToolkit.runWithoutRenderLock(Ljava/util/function/Supplier;)Ljava/lang/Object; @ 36 c2
Event: 1071.084 Thread 0x0000027d0cccf280 DEOPT PACKING pc=0x0000027d75b85798 sp=0x000000f0a22fea20
Event: 1071.084 Thread 0x0000027d0cccf280 DEOPT UNPACKING pc=0x0000027d753efc02 sp=0x000000f0a22fe938 mode 2

Classes loaded (20 events):
Event: 432.905 Loading class sun/security/ssl/SSLEngineOutputRecord$HandshakeFragment
Event: 432.905 Loading class sun/security/ssl/SSLEngineOutputRecord$HandshakeFragment done
Event: 432.905 Loading class sun/security/ssl/SSLEngineOutputRecord$HandshakeMemo
Event: 432.905 Loading class sun/security/ssl/SSLEngineOutputRecord$RecordMemo
Event: 432.905 Loading class sun/security/ssl/SSLEngineOutputRecord$RecordMemo done
Event: 432.905 Loading class sun/security/ssl/SSLEngineOutputRecord$HandshakeMemo done
Event: 474.558 Loading class sun/security/ssl/PreSharedKeyExtension$SHPreSharedKeySpec
Event: 474.558 Loading class sun/security/ssl/PreSharedKeyExtension$SHPreSharedKeySpec done
Event: 836.331 Loading class java/lang/StringLatin1$CharsSpliterator
Event: 836.331 Loading class java/lang/StringLatin1$CharsSpliterator done
Event: 836.332 Loading class java/util/stream/IntPipeline$10
Event: 836.332 Loading class java/util/stream/IntPipeline$StatelessOp
Event: 836.332 Loading class java/util/stream/IntPipeline$StatelessOp done
Event: 836.332 Loading class java/util/stream/IntPipeline$10 done
Event: 836.332 Loading class java/util/stream/ReduceOps$9
Event: 836.332 Loading class java/util/stream/ReduceOps$9 done
Event: 836.332 Loading class java/util/stream/ReduceOps$CountingSink$OfInt
Event: 836.332 Loading class java/util/stream/ReduceOps$CountingSink$OfInt done
Event: 836.332 Loading class java/util/stream/IntPipeline$10$1
Event: 836.332 Loading class java/util/stream/IntPipeline$10$1 done

Classes unloaded (20 events):
Event: 961.496 Thread 0x0000027d7ed34b30 Unloading class 0x000000009638d800 'java/lang/invoke/LambdaForm$MH+0x000000009638d800'
Event: 961.496 Thread 0x0000027d7ed34b30 Unloading class 0x000000009638e400 'java/lang/invoke/LambdaForm$MH+0x000000009638e400'
Event: 987.396 Thread 0x0000027d7ed34b30 Unloading class 0x0000000096122c00 'java/lang/invoke/LambdaForm$BMH+0x0000000096122c00'
Event: 987.396 Thread 0x0000027d7ed34b30 Unloading class 0x0000000096138c00 'java/lang/invoke/LambdaForm$BMH+0x0000000096138c00'
Event: 987.396 Thread 0x0000027d7ed34b30 Unloading class 0x000000009621cc00 'java/lang/invoke/LambdaForm$BMH+0x000000009621cc00'
Event: 987.396 Thread 0x0000027d7ed34b30 Unloading class 0x000000009622c800 'java/lang/invoke/LambdaForm$BMH+0x000000009622c800'
Event: 987.396 Thread 0x0000027d7ed34b30 Unloading class 0x0000000096298800 'java/lang/invoke/LambdaForm$MH+0x0000000096298800'
Event: 987.396 Thread 0x0000027d7ed34b30 Unloading class 0x00000000962a4000 'java/lang/invoke/LambdaForm$MH+0x00000000962a4000'
Event: 987.396 Thread 0x0000027d7ed34b30 Unloading class 0x00000000962a4800 'java/lang/invoke/LambdaForm$MH+0x00000000962a4800'
Event: 987.396 Thread 0x0000027d7ed34b30 Unloading class 0x00000000962a5000 'java/lang/invoke/LambdaForm$MH+0x00000000962a5000'
Event: 987.396 Thread 0x0000027d7ed34b30 Unloading class 0x00000000962a6000 'java/lang/invoke/LambdaForm$MH+0x00000000962a6000'
Event: 987.396 Thread 0x0000027d7ed34b30 Unloading class 0x00000000962a6c00 'java/lang/invoke/LambdaForm$MH+0x00000000962a6c00'
Event: 987.396 Thread 0x0000027d7ed34b30 Unloading class 0x00000000962f4000 'java/lang/invoke/LambdaForm$MH+0x00000000962f4000'
Event: 987.396 Thread 0x0000027d7ed34b30 Unloading class 0x0000000096308800 'java/lang/invoke/LambdaForm$MH+0x0000000096308800'
Event: 987.396 Thread 0x0000027d7ed34b30 Unloading class 0x0000000096319c00 'java/lang/invoke/LambdaForm$MH+0x0000000096319c00'
Event: 987.396 Thread 0x0000027d7ed34b30 Unloading class 0x000000009631a400 'java/lang/invoke/LambdaForm$MH+0x000000009631a400'
Event: 987.396 Thread 0x0000027d7ed34b30 Unloading class 0x000000009638cc00 'java/lang/invoke/LambdaForm$MH+0x000000009638cc00'
Event: 987.396 Thread 0x0000027d7ed34b30 Unloading class 0x000000009638d400 'java/lang/invoke/LambdaForm$MH+0x000000009638d400'
Event: 987.396 Thread 0x0000027d7ed34b30 Unloading class 0x000000009638e400 'java/lang/invoke/LambdaForm$MH+0x000000009638e400'
Event: 987.396 Thread 0x0000027d7ed34b30 Unloading class 0x000000009638d800 'java/lang/invoke/LambdaForm$MH+0x000000009638d800'

Classes redefined (0 events):
No events

Internal exceptions (20 events):
Event: 1071.083 Thread 0x0000027d0cccf280 Exception <a 'java/lang/OutOfMemoryError'{0x00000007ebbfa030}> (0x00000007ebbfa030) 
thrown [s\open\src\hotspot\share\gc\shared\memAllocator.cpp, line 139]
Event: 1071.285 Thread 0x0000027d0cccf280 Exception <a 'java/lang/OutOfMemoryError'{0x00000007ebbfa030}> (0x00000007ebbfa030) 
thrown [s\open\src\hotspot\share\gc\shared\memAllocator.cpp, line 139]
Event: 1071.484 Thread 0x0000027d0cccf280 Exception <a 'java/lang/OutOfMemoryError'{0x00000007ebbfa030}> (0x00000007ebbfa030) 
thrown [s\open\src\hotspot\share\gc\shared\memAllocator.cpp, line 139]
Event: 1071.685 Thread 0x0000027d0cccf280 Exception <a 'java/lang/OutOfMemoryError'{0x00000007ebbfa030}> (0x00000007ebbfa030) 
thrown [s\open\src\hotspot\share\gc\shared\memAllocator.cpp, line 139]
Event: 1072.299 Thread 0x0000027d0cccf280 Exception <a 'java/lang/OutOfMemoryError'{0x00000007ebbfa030}> (0x00000007ebbfa030) 
thrown [s\open\src\hotspot\share\gc\shared\memAllocator.cpp, line 139]
Event: 1072.502 Thread 0x0000027d0cccf280 Exception <a 'java/lang/OutOfMemoryError'{0x00000007ebbfa030}> (0x00000007ebbfa030) 
thrown [s\open\src\hotspot\share\gc\shared\memAllocator.cpp, line 139]
Event: 1072.711 Thread 0x0000027d0cccf280 Exception <a 'java/lang/OutOfMemoryError'{0x00000007ebbfa030}> (0x00000007ebbfa030) 
thrown [s\open\src\hotspot\share\gc\shared\memAllocator.cpp, line 139]
Event: 1072.911 Thread 0x0000027d0cccf280 Exception <a 'java/lang/OutOfMemoryError'{0x00000007ebbfa030}> (0x00000007ebbfa030) 
thrown [s\open\src\hotspot\share\gc\shared\memAllocator.cpp, line 139]
Event: 1073.106 Thread 0x0000027d0cccf280 Exception <a 'java/lang/OutOfMemoryError'{0x00000007ebbfa030}> (0x00000007ebbfa030) 
thrown [s\open\src\hotspot\share\gc\shared\memAllocator.cpp, line 139]
Event: 1073.301 Thread 0x0000027d0cccf280 Exception <a 'java/lang/OutOfMemoryError'{0x00000007ebbfa030}> (0x00000007ebbfa030) 
thrown [s\open\src\hotspot\share\gc\shared\memAllocator.cpp, line 139]
Event: 1073.494 Thread 0x0000027d0cccf280 Exception <a 'java/lang/OutOfMemoryError'{0x00000007ebbfa030}> (0x00000007ebbfa030) 
thrown [s\open\src\hotspot\share\gc\shared\memAllocator.cpp, line 139]
Event: 1073.687 Thread 0x0000027d0cccf280 Exception <a 'java/lang/OutOfMemoryError'{0x00000007ebbfa030}> (0x00000007ebbfa030) 
thrown [s\open\src\hotspot\share\gc\shared\memAllocator.cpp, line 139]
Event: 1073.880 Thread 0x0000027d0cccf280 Exception <a 'java/lang/OutOfMemoryError'{0x00000007ebbfa030}> (0x00000007ebbfa030) 
thrown [s\open\src\hotspot\share\gc\shared\memAllocator.cpp, line 139]
Event: 1074.075 Thread 0x0000027d0cccf280 Exception <a 'java/lang/OutOfMemoryError'{0x00000007ebbfa030}> (0x00000007ebbfa030) 
thrown [s\open\src\hotspot\share\gc\shared\memAllocator.cpp, line 139]
Event: 1074.273 Thread 0x0000027d0cccf280 Exception <a 'java/lang/OutOfMemoryError'{0x00000007ebbfa030}> (0x00000007ebbfa030) 
thrown [s\open\src\hotspot\share\gc\shared\memAllocator.cpp, line 139]
Event: 1074.467 Thread 0x0000027d0cccf280 Exception <a 'java/lang/OutOfMemoryError'{0x00000007ebbfa030}> (0x00000007ebbfa030) 
thrown [s\open\src\hotspot\share\gc\shared\memAllocator.cpp, line 139]
Event: 1074.662 Thread 0x0000027d0cccf280 Exception <a 'java/lang/OutOfMemoryError'{0x00000007ebbfa030}> (0x00000007ebbfa030) 
thrown [s\open\src\hotspot\share\gc\shared\memAllocator.cpp, line 139]
Event: 1074.856 Thread 0x0000027d0cccf280 Exception <a 'java/lang/OutOfMemoryError'{0x00000007ebbfa030}> (0x00000007ebbfa030) 
thrown [s\open\src\hotspot\share\gc\shared\memAllocator.cpp, line 139]
Event: 1075.049 Thread 0x0000027d0cccf280 Exception <a 'java/lang/OutOfMemoryError'{0x00000007ebbfa030}> (0x00000007ebbfa030) 
thrown [s\open\src\hotspot\share\gc\shared\memAllocator.cpp, line 139]
Event: 1075.244 Thread 0x0000027d0cccf280 Exception <a 'java/lang/OutOfMemoryError'{0x00000007ebbfa030}> (0x00000007ebbfa030) 
thrown [s\open\src\hotspot\share\gc\shared\memAllocator.cpp, line 139]

VM Operations (20 events):
Event: 1074.273 Executing safepoint VM operation: G1CollectForAllocation (G1 Evacuation Pause)
Event: 1074.366 Executing safepoint VM operation: G1CollectForAllocation (G1 Evacuation Pause) done
Event: 1074.366 Executing safepoint VM operation: G1CollectForAllocation (G1 Evacuation Pause)
Event: 1074.467 Executing safepoint VM operation: G1CollectForAllocation (G1 Evacuation Pause) done
Event: 1074.468 Executing safepoint VM operation: G1CollectForAllocation (G1 Evacuation Pause)
Event: 1074.561 Executing safepoint VM operation: G1CollectForAllocation (G1 Evacuation Pause) done
Event: 1074.561 Executing safepoint VM operation: G1CollectForAllocation (G1 Evacuation Pause)
Event: 1074.662 Executing safepoint VM operation: G1CollectForAllocation (G1 Evacuation Pause) done
Event: 1074.662 Executing safepoint VM operation: G1CollectForAllocation (G1 Evacuation Pause)
Event: 1074.753 Executing safepoint VM operation: G1CollectForAllocation (G1 Evacuation Pause) done
Event: 1074.753 Executing safepoint VM operation: G1CollectForAllocation (G1 Evacuation Pause)
Event: 1074.856 Executing safepoint VM operation: G1CollectForAllocation (G1 Evacuation Pause) done
Event: 1074.857 Executing safepoint VM operation: G1CollectForAllocation (G1 Evacuation Pause)
Event: 1074.948 Executing safepoint VM operation: G1CollectForAllocation (G1 Evacuation Pause) done
Event: 1074.948 Executing safepoint VM operation: G1CollectForAllocation (G1 Evacuation Pause)
Event: 1075.049 Executing safepoint VM operation: G1CollectForAllocation (G1 Evacuation Pause) done
Event: 1075.049 Executing safepoint VM operation: G1CollectForAllocation (G1 Evacuation Pause)
Event: 1075.142 Executing safepoint VM operation: G1CollectForAllocation (G1 Evacuation Pause) done
Event: 1075.142 Executing safepoint VM operation: G1CollectForAllocation (G1 Evacuation Pause)
Event: 1075.244 Executing safepoint VM operation: G1CollectForAllocation (G1 Evacuation Pause) done

Memory protections (0 events):
No events

Nmethod flushes (20 events):
Event: 987.336 Thread 0x0000027d7ed34b30 flushing  nmethod 0x0000027d6df0cf88
Event: 987.336 Thread 0x0000027d7ed34b30 flushing  nmethod 0x0000027d6e40e688
Event: 987.336 Thread 0x0000027d7ed34b30 flushing  nmethod 0x0000027d6e328c88
Event: 987.336 Thread 0x0000027d7ed34b30 flushing  nmethod 0x0000027d759dc888
Event: 987.336 Thread 0x0000027d7ed34b30 flushing  nmethod 0x0000027d75a90008
Event: 987.336 Thread 0x0000027d7ed34b30 flushing  nmethod 0x0000027d75a91188
Event: 988.185 Thread 0x0000027d7ed34b30 flushing  nmethod 0x0000027d6e953388
Event: 988.185 Thread 0x0000027d7ed34b30 flushing  nmethod 0x0000027d6e952908
Event: 993.013 Thread 0x0000027d7ed34b30 flushing  nmethod 0x0000027d6e455a88
Event: 993.013 Thread 0x0000027d7ed34b30 flushing  nmethod 0x0000027d6e3de508
Event: 994.681 Thread 0x0000027d7ed34b30 flushing  nmethod 0x0000027d6e117508
Event: 995.323 Thread 0x0000027d7ed34b30 flushing  nmethod 0x0000027d6e455f88
Event: 995.323 Thread 0x0000027d7ed34b30 flushing  nmethod 0x0000027d6e4e4388
Event: 995.323 Thread 0x0000027d7ed34b30 flushing  nmethod 0x0000027d6e342e88
Event: 1003.315 Thread 0x0000027d7ed34b30 flushing  nmethod 0x0000027d6e456488
Event: 1003.315 Thread 0x0000027d7ed34b30 flushing  nmethod 0x0000027d6ea5b708
Event: 1003.315 Thread 0x0000027d7ed34b30 flushing  nmethod 0x0000027d6e69da08
Event: 1006.628 Thread 0x0000027d7ed34b30 flushing  nmethod 0x0000027d75b25088
Event: 1070.753 Thread 0x0000027d7ed34b30 flushing  nmethod 0x0000027d75964808
Event: 1071.144 Thread 0x0000027d7ed34b30 flushing  nmethod 0x0000027d75b85208

Events (20 events):
Event: 1003.186 Thread 0x0000027d0c9c5aa0 Thread exited: 0x0000027d0c9c5aa0
Event: 1003.187 Thread 0x0000027d0cccf280 Thread added: 0x0000027d0c9c7210
Event: 1003.348 Thread 0x0000027d0c9c7210 Thread exited: 0x0000027d0c9c7210
Event: 1003.681 Thread 0x0000027d0cccf280 Thread added: 0x0000027d0c9c7210
Event: 1003.683 Thread 0x0000027d0c9c7210 Thread exited: 0x0000027d0c9c7210
Event: 1003.684 Thread 0x0000027d0cccf280 Thread added: 0x0000027d0c9c81b0
Event: 1003.845 Thread 0x0000027d0cccf280 Thread added: 0x0000027d0c9c8980
Event: 1003.846 Thread 0x0000027d0c9c81b0 Thread exited: 0x0000027d0c9c81b0
Event: 1003.847 Thread 0x0000027d0c9c8980 Thread exited: 0x0000027d0c9c8980
Event: 1003.848 Thread 0x0000027d0cccf280 Thread added: 0x0000027d0c9c5aa0
Event: 1004.011 Thread 0x0000027d0c9c5aa0 Thread exited: 0x0000027d0c9c5aa0
Event: 1005.460 Thread 0x0000027d0cccf280 Thread added: 0x0000027d0c9c4b00
Event: 1005.462 Thread 0x0000027d0c9c4b00 Thread exited: 0x0000027d0c9c4b00
Event: 1005.463 Thread 0x0000027d0cccf280 Thread added: 0x0000027d0c9c5aa0
Event: 1005.878 Thread 0x0000027d0c9c5aa0 Thread exited: 0x0000027d0c9c5aa0
Event: 1005.926 Thread 0x0000027d0cccf280 Thread added: 0x0000027d0c9c81b0
Event: 1005.927 Thread 0x0000027d0c9c81b0 Thread exited: 0x0000027d0c9c81b0
Event: 1005.928 Thread 0x0000027d0cccf280 Thread added: 0x0000027d0c9c5aa0
Event: 1007.365 Thread 0x0000027d0c9c5aa0 Thread exited: 0x0000027d0c9c5aa0
Event: 1010.028 Thread 0x0000027d1cc1e540 Thread exited: 0x0000027d1cc1e540


Dynamic libraries:
0x00007ff679bd0000 - 0x00007ff679be0000 	C:\Program Files\Java\jdk-25.0.2\bin\java.exe
0x00007ff9448a0000 - 0x00007ff944b03000 	C:\Windows\SYSTEM32\ntdll.dll
0x00007ff944700000 - 0x00007ff9447c7000 	C:\Windows\System32\KERNEL32.DLL
0x00007ff941c70000 - 0x00007ff942039000 	C:\Windows\System32\KERNELBASE.dll
0x00007ff942570000 - 0x00007ff9426bc000 	C:\Windows\System32\ucrtbase.dll
0x00007ff904910000 - 0x00007ff90492e000 	C:\Program Files\Java\jdk-25.0.2\bin\VCRUNTIME140.dll
0x00007ff904930000 - 0x00007ff904947000 	C:\Program Files\Java\jdk-25.0.2\bin\jli.dll
0x00007ff944530000 - 0x00007ff9446fa000 	C:\Windows\System32\USER32.dll
0x00007ff924ff0000 - 0x00007ff925280000 	C:\Windows\WinSxS\amd64_microsoft.windows.common-controls_6595b64144ccf1df_6.0.26100.3323_none_3e088096e3344490\COMCTL32.dll
0x00007ff942540000 - 0x00007ff942567000 	C:\Windows\System32\win32u.dll
0x00007ff942ca0000 - 0x00007ff942d49000 	C:\Windows\System32\msvcrt.dll
0x00007ff944200000 - 0x00007ff94422a000 	C:\Windows\System32\GDI32.dll
0x00007ff941aa0000 - 0x00007ff941bd1000 	C:\Windows\System32\gdi32full.dll
0x00007ff942490000 - 0x00007ff942533000 	C:\Windows\System32\msvcp_win.dll
0x00007ff943ce0000 - 0x00007ff943d0f000 	C:\Windows\System32\IMM32.DLL
0x00007ff904900000 - 0x00007ff90490c000 	C:\Program Files\Java\jdk-25.0.2\bin\vcruntime140_1.dll
0x00007ff8e2ab0000 - 0x00007ff8e2b3d000 	C:\Program Files\Java\jdk-25.0.2\bin\msvcp140.dll
0x00007ff892980000 - 0x00007ff8937df000 	C:\Program Files\Java\jdk-25.0.2\bin\server\jvm.dll
0x00007ff942ae0000 - 0x00007ff942b92000 	C:\Windows\System32\ADVAPI32.dll
0x00007ff944400000 - 0x00007ff9444a6000 	C:\Windows\System32\sechost.dll
0x00007ff943d30000 - 0x00007ff943e46000 	C:\Windows\System32\RPCRT4.dll
0x00007ff944230000 - 0x00007ff9442a4000 	C:\Windows\System32\WS2_32.dll
0x00007ff940f60000 - 0x00007ff940fae000 	C:\Windows\SYSTEM32\POWRPROF.dll
0x00007ff93a1f0000 - 0x00007ff93a1fb000 	C:\Windows\SYSTEM32\VERSION.dll
0x00007ff935000000 - 0x00007ff935036000 	C:\Windows\SYSTEM32\WINMM.dll
0x00007ff940ee0000 - 0x00007ff940ef4000 	C:\Windows\SYSTEM32\UMPDC.dll
0x00007ff940920000 - 0x00007ff94093a000 	C:\Windows\SYSTEM32\kernel.appcore.dll
0x00007ff8fe710000 - 0x00007ff8fe71a000 	C:\Program Files\Java\jdk-25.0.2\bin\jimage.dll
0x00007ff93f350000 - 0x00007ff93f591000 	C:\Windows\SYSTEM32\DBGHELP.DLL
0x00007ff943e70000 - 0x00007ff9441f2000 	C:\Windows\System32\combase.dll
0x00007ff9442d0000 - 0x00007ff9443a6000 	C:\Windows\System32\OLEAUT32.dll
0x00007ff8e53c0000 - 0x00007ff8e53f9000 	C:\Windows\SYSTEM32\dbgcore.DLL
0x00007ff9423f0000 - 0x00007ff942489000 	C:\Windows\System32\bcryptPrimitives.dll
0x00007ff8e3190000 - 0x00007ff8e31af000 	C:\Program Files\Java\jdk-25.0.2\bin\java.dll
0x00007ff942dd0000 - 0x00007ff942f65000 	C:\Windows\System32\ole32.dll
0x00007ff942f70000 - 0x00007ff943685000 	C:\Windows\System32\SHELL32.dll
0x00007ff942280000 - 0x00007ff9423e8000 	C:\Windows\System32\wintypes.dll
0x00007ff93f750000 - 0x00007ff93ff95000 	C:\Windows\SYSTEM32\windows.storage.dll
0x00007ff942bb0000 - 0x00007ff942c9b000 	C:\Windows\System32\SHCORE.dll
0x00007ff943690000 - 0x00007ff9436ed000 	C:\Windows\System32\shlwapi.dll
0x00007ff9419b0000 - 0x00007ff9419df000 	C:\Windows\SYSTEM32\profapi.dll
0x00007ff8e2e30000 - 0x00007ff8e2e42000 	C:\Program Files\Java\jdk-25.0.2\bin\net.dll
0x00007ff940e70000 - 0x00007ff940eda000 	C:\Windows\system32\mswsock.dll
0x00007ff8e2e10000 - 0x00007ff8e2e26000 	C:\Program Files\Java\jdk-25.0.2\bin\nio.dll
0x00007ff8e2df0000 - 0x00007ff8e2e07000 	C:\Program Files\Java\jdk-25.0.2\bin\zip.dll
0x0000027d07ee0000 - 0x0000027d07ee3000 	C:\Users\User\.openjfx\cache\17.0.8\api-ms-win-core-console-l1-1-0.dll
0x0000027d07ef0000 - 0x0000027d07ef3000 	C:\Users\User\.openjfx\cache\17.0.8\api-ms-win-core-console-l1-2-0.dll
0x0000027d07f00000 - 0x0000027d07f03000 	C:\Users\User\.openjfx\cache\17.0.8\api-ms-win-core-datetime-l1-1-0.dll
0x0000027d07f10000 - 0x0000027d07f13000 	C:\Users\User\.openjfx\cache\17.0.8\api-ms-win-core-debug-l1-1-0.dll
0x0000027d07f20000 - 0x0000027d07f23000 	C:\Users\User\.openjfx\cache\17.0.8\api-ms-win-core-errorhandling-l1-1-0.dll
0x0000027d07f30000 - 0x0000027d07f34000 	C:\Users\User\.openjfx\cache\17.0.8\api-ms-win-core-file-l1-1-0.dll
0x0000027d07f40000 - 0x0000027d07f43000 	C:\Users\User\.openjfx\cache\17.0.8\api-ms-win-core-file-l1-2-0.dll
0x0000027d07f50000 - 0x0000027d07f53000 	C:\Users\User\.openjfx\cache\17.0.8\api-ms-win-core-file-l2-1-0.dll
0x0000027d07f60000 - 0x0000027d07f63000 	C:\Users\User\.openjfx\cache\17.0.8\api-ms-win-core-handle-l1-1-0.dll
0x0000027d07f70000 - 0x0000027d07f73000 	C:\Users\User\.openjfx\cache\17.0.8\api-ms-win-core-heap-l1-1-0.dll
0x0000027d07f80000 - 0x0000027d07f83000 	C:\Users\User\.openjfx\cache\17.0.8\api-ms-win-core-interlocked-l1-1-0.dll
0x0000027d07f90000 - 0x0000027d07f93000 	C:\Users\User\.openjfx\cache\17.0.8\api-ms-win-core-libraryloader-l1-1-0.dll
0x0000027d07fa0000 - 0x0000027d07fa3000 	C:\Users\User\.openjfx\cache\17.0.8\api-ms-win-core-localization-l1-2-0.dll
0x0000027d07fb0000 - 0x0000027d07fb3000 	C:\Users\User\.openjfx\cache\17.0.8\api-ms-win-core-memory-l1-1-0.dll
0x0000027d07fc0000 - 0x0000027d07fc3000 	C:\Users\User\.openjfx\cache\17.0.8\api-ms-win-core-namedpipe-l1-1-0.dll
0x0000027d07fd0000 - 0x0000027d07fd3000 	C:\Users\User\.openjfx\cache\17.0.8\api-ms-win-core-processenvironment-l1-1-0.dll
0x0000027d07fe0000 - 0x0000027d07fe3000 	C:\Users\User\.openjfx\cache\17.0.8\api-ms-win-core-processthreads-l1-1-0.dll
0x0000027d07ff0000 - 0x0000027d07ff3000 	C:\Users\User\.openjfx\cache\17.0.8\api-ms-win-core-processthreads-l1-1-1.dll
0x0000027d0cd50000 - 0x0000027d0cd53000 	C:\Users\User\.openjfx\cache\17.0.8\api-ms-win-core-profile-l1-1-0.dll
0x0000027d0cd60000 - 0x0000027d0cd63000 	C:\Users\User\.openjfx\cache\17.0.8\api-ms-win-core-rtlsupport-l1-1-0.dll
0x0000027d0cd70000 - 0x0000027d0cd73000 	C:\Users\User\.openjfx\cache\17.0.8\api-ms-win-core-string-l1-1-0.dll
0x0000027d0cd80000 - 0x0000027d0cd83000 	C:\Users\User\.openjfx\cache\17.0.8\api-ms-win-core-synch-l1-1-0.dll
0x0000027d0cd90000 - 0x0000027d0cd93000 	C:\Users\User\.openjfx\cache\17.0.8\api-ms-win-core-synch-l1-2-0.dll
0x0000027d0cda0000 - 0x0000027d0cda3000 	C:\Users\User\.openjfx\cache\17.0.8\api-ms-win-core-sysinfo-l1-1-0.dll
0x0000027d0cdb0000 - 0x0000027d0cdb3000 	C:\Users\User\.openjfx\cache\17.0.8\api-ms-win-core-timezone-l1-1-0.dll
0x0000027d0cdc0000 - 0x0000027d0cdc3000 	C:\Users\User\.openjfx\cache\17.0.8\api-ms-win-core-util-l1-1-0.dll
0x0000027d0cdd0000 - 0x0000027d0cdd3000 	C:\Users\User\.openjfx\cache\17.0.8\api-ms-win-crt-conio-l1-1-0.dll
0x0000027d0cde0000 - 0x0000027d0cde4000 	C:\Users\User\.openjfx\cache\17.0.8\api-ms-win-crt-convert-l1-1-0.dll
0x0000027d0cdf0000 - 0x0000027d0cdf3000 	C:\Users\User\.openjfx\cache\17.0.8\api-ms-win-crt-environment-l1-1-0.dll
0x0000027d0ce00000 - 0x0000027d0ce03000 	C:\Users\User\.openjfx\cache\17.0.8\api-ms-win-crt-filesystem-l1-1-0.dll
0x0000027d0ce10000 - 0x0000027d0ce13000 	C:\Users\User\.openjfx\cache\17.0.8\api-ms-win-crt-heap-l1-1-0.dll
0x0000027d0ce20000 - 0x0000027d0ce23000 	C:\Users\User\.openjfx\cache\17.0.8\api-ms-win-crt-locale-l1-1-0.dll
0x0000027d0ce30000 - 0x0000027d0ce35000 	C:\Users\User\.openjfx\cache\17.0.8\api-ms-win-crt-math-l1-1-0.dll
0x0000027d0ce40000 - 0x0000027d0ce45000 	C:\Users\User\.openjfx\cache\17.0.8\api-ms-win-crt-multibyte-l1-1-0.dll
0x0000027d0ce50000 - 0x0000027d0ce60000 	C:\Users\User\.openjfx\cache\17.0.8\api-ms-win-crt-private-l1-1-0.dll
0x0000027d0ce60000 - 0x0000027d0ce63000 	C:\Users\User\.openjfx\cache\17.0.8\api-ms-win-crt-process-l1-1-0.dll
0x0000027d0ce70000 - 0x0000027d0ce74000 	C:\Users\User\.openjfx\cache\17.0.8\api-ms-win-crt-runtime-l1-1-0.dll
0x0000027d0ce80000 - 0x0000027d0ce84000 	C:\Users\User\.openjfx\cache\17.0.8\api-ms-win-crt-stdio-l1-1-0.dll
0x0000027d0de60000 - 0x0000027d0de64000 	C:\Users\User\.openjfx\cache\17.0.8\api-ms-win-crt-string-l1-1-0.dll
0x0000027d0de70000 - 0x0000027d0de73000 	C:\Users\User\.openjfx\cache\17.0.8\api-ms-win-crt-time-l1-1-0.dll
0x0000027d0de80000 - 0x0000027d0de83000 	C:\Users\User\.openjfx\cache\17.0.8\api-ms-win-crt-utility-l1-1-0.dll
0x00007ff8e2900000 - 0x00007ff8e29fc000 	C:\Users\User\.openjfx\cache\17.0.8\ucrtbase.dll
0x00007ff8e28e0000 - 0x00007ff8e28fb000 	C:\Users\User\.openjfx\cache\17.0.8\vcruntime140.dll
0x00007ff8fb350000 - 0x00007ff8fb35c000 	C:\Users\User\.openjfx\cache\17.0.8\vcruntime140_1.dll
0x00007ff8e27b0000 - 0x00007ff8e283e000 	C:\Users\User\.openjfx\cache\17.0.8\msvcp140.dll
0x00007ff8f2f40000 - 0x00007ff8f2f49000 	C:\Users\User\.openjfx\cache\17.0.8\msvcp140_1.dll
0x00007ff8e28b0000 - 0x00007ff8e28e0000 	C:\Users\User\.openjfx\cache\17.0.8\msvcp140_2.dll
0x00007ff8e2880000 - 0x00007ff8e28aa000 	C:\Users\User\.openjfx\cache\17.0.8\prism_d3d.dll
0x00007ff8ca120000 - 0x00007ff8ca2cc000 	C:\Windows\system32\d3d9.dll
0x00007ff93eca0000 - 0x00007ff93ecd5000 	C:\Windows\SYSTEM32\dwmapi.dll
0x00007ff93ecf0000 - 0x00007ff93ed37000 	C:\Windows\SYSTEM32\dxcore.dll
0x00007ff93e740000 - 0x00007ff93e7ee000 	C:\Windows\system32\uxtheme.dll
0x00007ff93a200000 - 0x00007ff93a2c4000 	C:\Windows\System32\DriverStore\FileRepository\nvlt.inf_amd64_6c207d8411be4d75\nvldumdx.dll
0x00007ff941200000 - 0x00007ff941213000 	C:\Windows\SYSTEM32\msasn1.dll
0x00007ff93a190000 - 0x00007ff93a1cb000 	C:\Windows\SYSTEM32\cryptnet.dll
0x00007ff942040000 - 0x00007ff9421b7000 	C:\Windows\System32\CRYPT32.dll
0x00007ff9411b0000 - 0x00007ff9411bc000 	C:\Windows\SYSTEM32\cryptbase.dll
0x00007ff941270000 - 0x00007ff9412cd000 	C:\Windows\SYSTEM32\wldp.dll
0x00007ff93a010000 - 0x00007ff93a18b000 	C:\Windows\SYSTEM32\drvstore.dll
0x00007ff941700000 - 0x00007ff94172d000 	C:\Windows\SYSTEM32\devobj.dll
0x00007ff941730000 - 0x00007ff94178f000 	C:\Windows\SYSTEM32\cfgmgr32.dll
0x00007ff941be0000 - 0x00007ff941c5f000 	C:\Windows\System32\wintrust.dll
0x00007ff9426c0000 - 0x00007ff9426e0000 	C:\Windows\System32\imagehlp.dll
0x00007ff941190000 - 0x00007ff9411ac000 	C:\Windows\SYSTEM32\CRYPTSP.dll
0x00007ff940810000 - 0x00007ff94084a000 	C:\Windows\system32\rsaenh.dll
0x00007ff9413d0000 - 0x00007ff9413f6000 	C:\Windows\SYSTEM32\bcrypt.dll
0x00007ff935af0000 - 0x00007ff939883000 	C:\Windows\System32\DriverStore\FileRepository\nvlt.inf_amd64_6c207d8411be4d75\nvgpucomp64.dll
0x00007ff935040000 - 0x00007ff93511e000 	C:\Windows\System32\DriverStore\FileRepository\nvlt.inf_amd64_6c207d8411be4d75\NvMemMapStoragex.dll
0x00007ff88fc90000 - 0x00007ff892795000 	C:\Windows\System32\DriverStore\FileRepository\nvlt.inf_amd64_6c207d8411be4d75\nvd3dumx.dll
0x00007ff93e8e0000 - 0x00007ff93e93d000 	C:\Windows\SYSTEM32\directxdatabasehelper.dll
0x00007ff8e2760000 - 0x00007ff8e27a2000 	C:\Users\User\.openjfx\cache\17.0.8\glass.dll
0x00007ff9429e0000 - 0x00007ff942ad1000 	C:\Windows\System32\COMDLG32.dll
0x00007ff929d30000 - 0x00007ff929e63000 	C:\ProgramData\A-Volute\A-Volute.Nahimic\Modules\Scheduled\x64\AudioDevProps2.dll
0x00007ff9436f0000 - 0x00007ff94384b000 	C:\Windows\System32\MSCTF.dll
0x00007ff90b0f0000 - 0x00007ff90b3c0000 	C:\Windows\system32\nvspcap64.dll
0x00007ff940a40000 - 0x00007ff940a75000 	C:\Windows\SYSTEM32\ntmarta.dll
0x00007ff940f00000 - 0x00007ff940f27000 	C:\Windows\SYSTEM32\gpapi.dll
0x00007ff8fe840000 - 0x00007ff8fe9f7000 	C:\Windows\System32\DriverStore\FileRepository\nvlt.inf_amd64_6c207d8411be4d75\nvppex.dll
0x00007ff8e2740000 - 0x00007ff8e2754000 	C:\Users\User\.openjfx\cache\17.0.8\javafx_font.dll
0x00007ff93d800000 - 0x00007ff93da69000 	C:\Windows\SYSTEM32\dwrite.dll
0x00007ff9426f0000 - 0x00007ff942798000 	C:\Windows\System32\clbcatq.dll
0x00007ff93cd10000 - 0x00007ff93cf3e000 	C:\Windows\SYSTEM32\WindowsCodecs.dll
0x00007ff90c160000 - 0x00007ff90c1ba000 	C:\Windows\system32\dataexchange.dll

JVMTI agents: none

dbghelp: loaded successfully - version: 4.0.5 - missing functions: none
symbol engine: initialized successfully - sym options: 0x614 - pdb path: .;C:\Program Files\Java\jdk-25.0.2\bin;C:\Windows\SYSTEM32;C:\Windows\WinSxS\amd64_microsoft.windows.common-controls_6595b64144ccf1df_6.0.26100.3323_none_3e088096e3344490;C:\Program Files\Java\jdk-25.0.2\bin\server;C:\Users\User\.openjfx\cache\17.0.8;C:\Windows\System32\DriverStore\FileRepository\nvlt.inf_amd64_6c207d8411be4d75;C:\ProgramData\A-Volute\A-Volute.Nahimic\Modules\Scheduled\x64;C:\Program Files\Common Files\Microsoft Shared\Ink

VM Arguments:
java_command: target/client.jar
java_class_path (initial): target/client.jar
Launcher Type: SUN_STANDARD

[Global flags]
     intx CICompilerCount                          = 4                                         {product} {ergonomic}
     uint ConcGCThreads                            = 2                                         {product} {ergonomic}
     uint G1ConcRefinementThreads                  = 8                                         {product} {ergonomic}
   size_t G1HeapRegionSize                         = 4194304                                   {product} {ergonomic}
   size_t InitialHeapSize                          = 398458880                                 {product} {ergonomic}
   size_t MarkStackSize                            = 4194304                                   {product} {ergonomic}
   size_t MarkStackSizeMax                         = 536870912                                 {product} {ergonomic}
   size_t MaxHeapSize                              = 6362759168                                {product} {ergonomic}
   size_t MaxNewSize                               = 3816816640                                {product} {ergonomic}
   size_t MinHeapDeltaBytes                        = 4194304                                   {product} {ergonomic}
   size_t MinHeapSize                              = 8388608                                   {product} {ergonomic}
    uintx NonNMethodCodeHeapSize                   = 5832704                                {pd product} {ergonomic}
    uintx NonProfiledCodeHeapSize                  = 122945536                              {pd product} {ergonomic}
    uintx ProfiledCodeHeapSize                     = 122880000                              {pd product} {ergonomic}
    uintx ReservedCodeCacheSize                    = 251658240                              {pd product} {ergonomic}
     bool SegmentedCodeCache                       = true                                      {product} {ergonomic}
   size_t SoftMaxHeapSize                          = 6362759168                             {manageable} {ergonomic}
     bool UseCompressedOops                        = true                           {product lp64_product} {ergonomic}
     bool UseG1GC                                  = true                                      {product} {ergonomic}
     bool UseLargePagesIndividualAllocation        = false                                  {pd product} {ergonomic}

Logging:
Log output configuration:
 #0: stdout all=warning uptime,level,tags foldmultilines=false
 #1: stderr all=off uptime,level,tags foldmultilines=false

Release file:
IMPLEMENTOR="Oracle Corporation" 
JAVA_RUNTIME_VERSION="25.0.2+10-LTS-69" 
JAVA_VERSION="25.0.2" 
JAVA_VERSION_DATE="2026-01-20" 
LIBC="default" 
MODULES="java.base java.compiler java.datatransfer java.xml java.prefs java.desktop java.instrument java.logging java.management java.security.sasl java.naming java.rmi java.management.rmi java.net.http java.scripting java.security.jgss java.transaction.xa java.sql java.sql.rowset java.xml.crypto java.se java.smartcardio jdk.accessibility jdk.internal.jvmstat jdk.attach jdk.charsets jdk.internal.opt jdk.zipfs jdk.compiler jdk.crypto.cryptoki jdk.crypto.ec jdk.crypto.mscapi jdk.dynalink jdk.internal.ed jdk.editpad jdk.internal.vm.ci jdk.graal.compiler jdk.graal.compiler.management jdk.hotspot.agent jdk.httpserver jdk.incubator.vector jdk.internal.le jdk.internal.md jdk.jartool jdk.javadoc jdk.jcmd jdk.management jdk.management.agent jdk.jconsole jdk.jdeps jdk.jdwp.agent jdk.jdi jdk.jfr jdk.jlink jdk.jpackage jdk.jshell jdk.jsobject jdk.jstatd jdk.localedata jdk.management.jfr jdk.naming.dns jdk.naming.rmi jdk.net jdk.nio.mapmode jdk.sctp jdk.security.auth jdk.security.jgss jdk.unsupported jdk.unsupported.desktop jdk.xml.dom" 
OS_ARCH="x86_64" 
OS_NAME="Windows" 
SOURCE=".:git:b75efb40c93a open:git:405a5699ebd0" 

Environment Variables:
PATH=c:\Users\User\AppData\Roaming\Code\User\globalStorage\github.copilot-chat\debugCommand;c:\Users\User\AppData\Roaming\Code\User\globalStorage\github.copilot-chat\copilotCli;C:\Program Files\Common Files\Oracle\Java\javapath;C:\Windows\system32;C:\Windows;C:\Windows\System32\Wbem;C:\Windows\System32\WindowsPowerShell\v1.0\;C:\Windows\System32\OpenSSH\;C:\Program Files (x86)\NVIDIA Corporation\PhysX\Common;C:\Program Files\NVIDIA Corporation\NVIDIA NvDLISR;C:\Program Files\Git\cmd;C:\Program Files\nodejs\;C:\Users\User\Downloads\apache-maven-3.9.15-bin\apache-maven-3.9.15\bin;;C:\Users\User\Downloads\apache-maven-3.9.15-bin\apache-maven-3.9.15\bin;C:\Users\User\AppData\Local\Programs\Python\Launcher\;C:\Users\User\AppData\Local\Microsoft\WindowsApps;C:\Users\User\AppData\Local\Programs\Microsoft VS Code\bin;C:\Users\User\AppData\Local\Python\bin;C:\Users\User\AppData\Local\Programs\Python\Python313\Scripts;C:\Users\User\AppData\Local\GitHubDesktop\bin;C:\Users\User\AppData\Roaming\npm;c:\Users\User\.vscode\extensions\vscjava.vscode-java-debug-0.59.0\bundled\scripts\noConfigScripts
USERNAME=User
LANG=en_US.UTF-8
OS=Windows_NT
PROCESSOR_IDENTIFIER=AMD64 Family 25 Model 68 Stepping 1, AuthenticAMD
TMP=C:\Users\User\AppData\Local\Temp
TEMP=C:\Users\User\AppData\Local\Temp




Compilation memory statistics disabled.

Periodic native trim disabled

---------------  S Y S T E M  ---------------

OS:
 Windows 11 , 64 bit Build 26100 (10.0.26100.3323)
OS uptime: 0 days 0:22 hours
Hyper-V role detected

CPU: total 8 (initial active 8) (8 cores per cpu, 2 threads per core) family 25 model 68 stepping 1 microcode 0xa40410a, cx8, cmov, fxsr, ht, mmx, 3dnowpref, sse, sse2, sse3, ssse3, sse4a, sse4.1, sse4.2, popcnt, lzcnt, tsc, tscinvbit, avx, avx2, aes, erms, clmul, bmi1, bmi2, adx, sha, fma, vzeroupper, clflush, clflushopt, clwb, hv, rdtscp, rdpid, fsrm, f16c, cet_ss
Processor Information for processor 0
  Max Mhz: 3201, Current Mhz: 3201, Mhz Limit: 3201
Processor Information for processor 1
  Max Mhz: 3201, Current Mhz: 2560, Mhz Limit: 3201
Processor Information for processor 2
  Max Mhz: 3201, Current Mhz: 2560, Mhz Limit: 3201
Processor Information for processor 3
  Max Mhz: 3201, Current Mhz: 2560, Mhz Limit: 3201
Processor Information for processor 4
  Max Mhz: 3201, Current Mhz: 2560, Mhz Limit: 3201
Processor Information for processor 5
  Max Mhz: 3201, Current Mhz: 2560, Mhz Limit: 3201
Processor Information for processor 6
  Max Mhz: 3201, Current Mhz: 2560, Mhz Limit: 3201
Processor Information for processor 7
  Max Mhz: 3201, Current Mhz: 2560, Mhz Limit: 3201

Memory: 4k page, system-wide physical 24260M (11752M free)
TotalPageFile size 25796M (AvailPageFile size 7242M)
current process WorkingSet (physical memory assigned to process): 4646M, peak: 4647M
current process commit charge ("private bytes"): 6561M, peak: 6600M

vm_info: Java HotSpot(TM) 64-Bit Server VM (25.0.2+10-LTS-69) for windows-amd64 JRE (25.0.2+10-LTS-69), built on 2025-12-18T11:36:35Z with MS VC++ 17.13 (VS2022)

END.
